Name,Type,Downloads
Kenyon College,Education,2059
HT,Commercial,137
Stanford University,Education,49
Chinese Academy of Social Sciences,Education,49
Taiwan Academic Network,Education,40
University of Maryland,Education,32
New York University,Education,27
Stichting Duwo,Commercial,27
Ministry of Education Computer Center,Education,25
NUS,Education,24
The University of Melbourne,Education,24
University of Florida,Education,23
China Education and Research Network,Education,23
Carnegie Mellon University,Education,21
University of California at Berkeley,Education,21
University of Arizona,Education,21
Fundacao Para a Ciencia e a Tecnologia I.P.,Government,21
Aalto University,Education,21
Massachusetts Institute of Technology,Education,20
Korean Education Network,Education,20
NTU,Education,20
University of California Los Angeles,Education,19
Columbia University,Education,18
The University of Edinburgh,Education,18
University of Warwick,Education,18
Georgia Department of Education,Education,17
Princeton University,Education,17
Oxford University,Education,17
Universiteit van Amsterdam,Education,17
The University of Hong Kong,Education,17
Moec,Government,17
University of Wisconsin Madison,Education,16
University of Washington,Education,16
University of Toronto,Education,16
University of North Carolina at Chapel Hill,Education,16
The Hong Kong Polytechnic University,Education,16
Ohio State University,Education,14
University of Pennsylvania,Education,14
Georgia Institute of Technology,Education,14
Yale University,Education,14
Duke University,Education,14
University of California Irvine,Education,14
Seoul National University,Education,14
City University of Hong Kong,Education,14
Cornell University,Education,13
University of Michigan,Education,13
Korea Advanced Institute of Science and Technology,Education,13
Universitaet Bremen,Education,13
Palo Alto Networks Inc,Commercial,13
Amazon Corporate LLC,Commercial,13
Erasmus Universiteit Rotterdam,Education,13
Northwestern University,Education,12
Brown University,Education,12
The Pennsylvania State University,Education,12
University of California San Diego,Education,12
Denison University,Education,12
Bryant University,Education,12
Aofei Data International Company Limited,Commercial,12
Montgomery County Public Schools,Education,11
University of Illinois,Education,11
University of California Santa Barbara,Education,11
University of Durham,Education,11
University of Southern California,Education,11
University of Oregon,Education,11
Claremont University Consortium,Education,11
Universiteit Utrecht,Education,11
Consortium GARR,Education,11
Simon Fraser University,Education,10
University of Sheffield,Education,10
Northeastern University,Education,10
Danmarks Tekniske Universitet,Education,10
Brigham Young University,Education,10
University College Dublin,Education,10
Rice University,Education,10
University of Notre Dame,Education,10
University of North Texas,Education,10
Oakland Schools,Education,10
Norwegian University of Science and Technology,Education,10
Royal Melbourne Institute of Technology,Education,10
University of Wollongong,Education,10
University of Oxford,Education,10
Fastbee Argentina S.A.,Commercial,10
Delft University of Technology Network,Education,9
University of Cambridge,Education,9
University of New South Wales,Education,9
University of Virginia,Education,9
University of Mary Washington,Education,9
Universitaet Hamburg Campus Net,Education,9
Education Service Center Region,Education,9
Korea University,Education,9
Monash University,Education,9
Hochschule Rheinmain University of Applied Sciences Wiesbaden Ruesselsheim Geisenheim,Education,9
Community Fibre Limited,Commercial,9
Friedrich-Alexander-Universitaet Erlangen-Nuernberg,Education,9
Crowne Plaza Dallas,Commercial,9
Indiana University,Education,8
Technische Universiteit Eindhoven,Education,8
Drexel University,Education,8
University of Leeds,Education,8
University of British Columbia,Education,8
University of Georgia,Education,8
Harvard University,Education,8
"King's College London",Education,8
Imperial College London,Education,8
Universitaet Stuttgart,Education,8
Freie Universitaet Berlin,Education,8
University of Technology Sydney,Education,8
University of Newcastle Australia - Callaghan Campus,Education,8
Old Dominion University,Education,8
Universitaire Instelling Antwerpen - Campus Net,Education,8
Celanese International Corporation,Commercial,8
Morningstar Inc.,Commercial,8
University of Mount Olive,Education,8
The University of Manchester,Education,8
Research Organization of Information and Systems National Institute of Informatics,Education,8
Deutsche Glasfaser Wholesale GmbH,Commercial,8
Boston College,Education,7
The Bloomsbury Computing Consortium,Education,7
The George Washington University,Education,7
Ludwig-Maximilians-Universitaet Muenchen,Education,7
University of Iowa,Education,7
Universitaet Mannheim,Education,7
Indian Institute of Technology Kharagpur India,Education,7
Syracuse University,Education,7
University of Delaware,Education,7
York University,Education,7
Technische Universitaet Dortmund,Education,7
North Carolina State University,Education,7
Universiteit Maastricht,Education,7
The University of St. Andrews,Education,7
London Grid for Learning Trust,Education,7
Univer,Commercial,7
Oracle Corporation,Commercial,7
University of Cincinnati,Education,7
University of Sydney,Education,7
University of Adelaide,Education,7
University of Bristol,Education,7
Yeungnam University,Education,7
The Chinese University of Hong Kong,Education,7
KISTI,Government,7
Radboud Universiteit Nijmegen,Education,7
JISC Services Limited,Education,7
Alibaba.com Singapore E-Commerce Private Limited,Commercial,7
Queensland University of Technology,Education,7
National Infrastructures for Research and Technology S.A.,Education,7
Australian National University,Education,7
Tier-1 Enterprise Datacenter in AMER-WEST,Commercial,7
Clark County School District,Education,6
University of Nebraska-Lincoln,Education,6
Intel Corporation,Commercial,6
Temple University,Education,6
Florida State University,Education,6
"Saint John's University - College of Saint Benedict",Education,6
Universitaet zu Koeln,Education,6
University of Southampton,Education,6
California State University Office of the Chancellor,Education,6
Northern Arizona University,Education,6
Gwinnett County Public Schools,Education,6
Virginia Commonwealth University,Education,6
Baylor University,Education,6
University of Tennessee,Education,6
University of California Santa Cruz,Education,6
Wofford College,Education,6
University of Northumbria at Newcastle,Education,6
Orange County Public Schools,Education,6
Carleton College,Education,6
Johann Wolfgang Goethe-Universitaet Frankfurt,Education,6
Northwest Regional ESD,Education,6
Macomb Intermediate School District,Education,6
Santa Clara University,Education,6
Durham College of Applied Arts and Technology,Education,6
University of Exeter,Education,6
Silicon Graphics International Corp.,Commercial,6
Lanka Education and Research Network,Education,6
Australian Academic and Research Network,Organization,6
Gottfried Wilhelm Leibniz Universitaet Hannover,Education,6
Microsoft Singapore Pte. Ltd.,Commercial,6
University of Bath,Education,6
Universite Libre de Bruxelles,Education,6
Coleg Gwent,Education,6
Intinform Ltd.,Commercial,6
Muhlenberg College,Education,6
"ecoles des Mines d'Ales - Site Nimes",Commercial,6
Luch LLC,Commercial,6
Fondation RESTENA,Organization,6
"Universita' degli Studi di Genova",Commercial,6
Sky Italia srl,Commercial,6
Datadigest B.V.,Commercial,6
Friedrich Schiller Universitaet Jena,Education,6
SamsungSDS Inc.,Commercial,6
Unit A1 7/F Cheuk Nang Plaza 250 Hennessy Road Wanchai,Commercial,6
RSAWEB (Pty) Ltd,Commercial,6
Office of Info.Tech. Admin. for Educational Development,Commercial,6
Kauno Technologijos Universitetas,Education,6
EMV Internet Consultants SRL,Commercial,6
Stumpner Netservice UG (haftungsbeschraenkt),Commercial,6
Vetenskapsradet / SUNET,Education,6
The University of Auckland,Education,6
University of Texas at Austin,Education,5
University of Utah,Education,5
University of Connecticut,Education,5
State University of New York at Stony Brook,Education,5
University of Pittsburgh,Education,5
University of Minnesota,Education,5
Texas A&M University,Education,5
Department of Education,Government,5
George Mason University,Education,5
State of Tennessee Department of Education,Education,5
Universidade Estadual Paulista,Education,5
University of Missouri - DBA the Missouri Research and Education Network,Education,5
University of Chicago,Education,5
McGill University,Education,5
Emory University,Education,5
University of Central Florida,Education,5
University of Illinois at Chicago,Education,5
University of Cape Town,Education,5
University of Miami,Education,5
Dartmouth College,Education,5
University of Newcastle upon Tyne,Education,5
Northern Illinois University,Education,5
Liverpool John Moores University,Education,5
Boston University,Education,5
Washington University,Education,5
University of South Carolina,Education,5
University of Alberta,Education,5
DePaul University,Education,5
City of Philadelphia,Government,5
University of Maryland Baltimore County,Education,5
SUNY College at New Paltz,Education,5
University of Surrey,Education,5
Birmingham-Southern College,Education,5
Sungkyunkwan University,Education,5
Kent Intermediate School District,Education,5
University of Liverpool,Education,5
Symantec Corporation,Commercial,5
University of Wisconsin - Stout,Education,5
University of Turku,Education,5
Universiti Sains Malaysia Penang Malaysia,Education,5
Chung-Ang University,Education,5
Stowe Access LLC,Commercial,5
CNA - Catholic Education Network,Organization,5
Hogeschool van Utrecht,Commercial,5
Routit,Commercial,5
Zhejiang University,Education,5
Dokkyo Medical University,Education,5
Hotzone GmbH,Commercial,5
RWTH Aachen University,Education,5
Wageningen Universiteit,Education,5
Imperial College of Science Technology and Medicine,Education,5
Connectivity DSL VLAN,Organization,5
Optika Kabel TV d.o.o.,Commercial,5
Microsoft Limited,Commercial,5
Kate Spade & Company,Commercial,5
Celestica International Inc,Commercial,5
Dhakacom Limited,Commercial,5
Sciences Politiques Nancy,Commercial,5
Masarykova univerzita - Ustav vypocetni techniky,Education,5
Rijksuniversiteit Groningen,Education,5
Brunel University London,Education,5
Bhartiya Net,Commercial,5
OpenStack Ltd,Commercial,5
SSHN - Telemann Nijmegen,Commercial,5
Gatik Business Solutions,Commercial,5
Delta Centric LLC,Commercial,5
Icon Ltd,Commercial,5
Internet Multifeed Co.,Commercial,5
Cluster Logic Inc,Commercial,5
Williams College,Education,5
Hewlett Packard Enterprise Company,Commercial,5
The Education University of Hong Kong,Education,5
Technische Universitaet Ilmenau,Education,5
Carlos Paz Television SA,Commercial,5
Rmit International University Vietnam,Education,5
Hero MotoCorp Ltd,Commercial,5
Cypress Fairbanks ISD,Commercial,5
Eastern University,Education,5
Swansea University,Education,4
Rheinische Friedrich-Wilhelms-Universitaet Bonn,Education,4
Illinois Institute of Technology,Education,4
University of Kansas,Education,4
Kent State University,Education,4
Concordia University,Education,4
JPMorgan Chase & Co.,Commercial,4
Kentucky Department of Education,Education,4
California Polytechnic State University,Education,4
The University of Memphis,Education,4
North Carolina Research and Education Network,Education,4
Universiteit van Tilburg,Education,4
Rutgers University,Education,4
Oberlin College,Education,4
University of Rhode Island,Education,4
The Goldman Sachs Group Inc.,Commercial,4
University of Glasgow,Education,4
Bank of America,Commercial,4
University of Calgary,Education,4
University of Guelph,Education,4
University of Massachusetts,Education,4
University of Wisconsin - Milwaukee,Education,4
University of Saskatchewan,Education,4
Goldsmiths University of London,Education,4
Northwest Ohio Area Computer Services Cooperative,Organization,4
Colleges of the Fenway Inc.,Education,4
"Queen's University",Education,4
Montclair State University,Education,4
Research Network University of Ghent,Education,4
Johannes Gutenberg-Universitaet Mainz,Education,4
University of Hawaii,Education,4
Bilkent University,Education,4
Consorci de Serveis Universitaris de Catalunya,Education,4
Dongseo University,Education,4
Pern-Pakistan Education & Research Network is an,Library,4
Bowdoin College,Education,4
Leiden University,Education,4
Lincoln Public Schools,Education,4
University of York,Education,4
Reed College,Education,4
Brandeis University,Education,4
McMaster University,Education,4
UBS AG,Commercial,4
Victoria University of Wellington,Education,4
"St. John's College",Education,4
Portland Public Schools,Education,4
Starbucks Coffee Company,Commercial,4
Griffi,Education,4
CIS,Commercial,4
Kyung Hee University,Education,4
Colorado College,Education,4
Maebashi Institute of Technology,Organization,4
Netnam Corporation,Commercial,4
Chulal,Education,4
Dongguk University,Education,4
Flinders University,Education,4
Sogang University,Education,4
Colby College,Education,4
Anna University Chennai,Education,4
University of Orebro,Education,4
Universidad de Sevilla,Education,4
Karlsruhe Institute of Technology,Education,4
Universitaet Rostock,Education,4
De Montfort University,Education,4
Universite de Savoie,Education,4
Uxbridge College,Education,4
Stiftelsen Chalmers Studenthem,Commercial,4
Escp Europe,Education,4
Cablevision Systems Corporation,Commercial,4
Wayne County Regional EducationalService Agency,Education,4
Embry-Riddle Aeronautical University - Daytona Beach,Education,4
"Xi'an JiaoTong University",Education,4
Aamra Networks Limited Internet Service Provider.,Commercial,4
Stiftung Universitaet Hildesheim,Education,4
CNRST,Commercial,4
Sunline.net.ua Ltd,Commercial,4
Koc Universitesi - NCC,Education,4
Yellow Transportation Inc.,Commercial,4
Bezek,Commercial,4
Network Kazakhstan LLC,Commercial,4
Bandanet Comercio e Informat Ica Ltda - EPP,Commercial,4
Telecom-Birzha LLC,Commercial,4
SC GMB Computers SRL,Commercial,4
University of Gloucestershire,Education,4
Orange Romania,Commercial,4
Regent Communication,Commercial,4
Genessee Community College,Education,4
Companhia Nacional de Abastecimento,Government,4
Fachhochschule St. Poelten GmbH,Education,4
Route,Commercial,4
Westfaelische Wilhelms-Universitaet Ziv,Education,4
X Integration Pty Ltd,Commercial,4
Indian Institute of Technology,Education,4
Leuphana Universitaet Lueneburg,Education,4
essensys Inc.,Commercial,4
Universitas Negeri Malang,Education,4
Kviknet.dk ApS,Commercial,4
GWDG,Education,4
Cool Ideas Service Provider (Pty) Ltd,Commercial,4
Shenzhen Esin Technology Co. Ltd,Commercial,4
Frederick County Public Schools,Education,4
Stillwater Senior High School,Education,4
PE Viktor Tyurin,Commercial,4
Zhejiang College of Shanghai University of Finance and Economics,Education,4
Funpar - Fundacao da UFPR Para O DCTC,Education,4
Net1 GmbH,Commercial,4
Dublin City University,Education,4
Noop LLC,Commercial,4
MOU Assigned to University of Brunei Darussalam,Education,4
UTC Portsmouth,Education,4
Special Internet Operations SRL,Commercial,4
Digital Euronetwork SRL,Commercial,4
Computer Center,Education,4
IIT Hyderabad,Education,4
Gitam University,Education,4
Openwave Messaging,Commercial,4
Queen Mary University of London,Education,4
Rensselaer Hartford Graduate Center Inc.,Education,4
HEAnet,Education,4
Bond University Limited,Education,4
G Net SGP,Commercial,4
Institut Seni Indonesia Surakarta,Education,4
Middletown City School District,Education,4
Colorado State University,Education,3
Los Angeles County Office of Education,Education,3
Universidade de Sao Paulo,Education,3
University College London,Education,3
Texas A&M University Corpus Christi,Education,3
The City of New York,Government,3
Technische Universitaet Dresden,Education,3
Virginia Polytechnic Institute and State Univ.,Education,3
Universite Laval,Education,3
University of Kentucky,Education,3
Queens University Belfast,Education,3
Illinois State University,Education,3
University of South Florida,Education,3
Pace University,Education,3
Universiteit Twente,Education,3
Texas Tech University,Education,3
Wright State University,Education,3
University of Waterloo,Education,3
Michigan State University,Education,3
University of East Anglia,Education,3
University of Colorado,Education,3
Coventry University,Education,3
University of Ottawa,Education,3
Hofstra University,Education,3
Vrije Universiteit Amsterdam,Education,3
Clemson University,Education,3
Fashion Institute of Technology,Education,3
Avago Technologies U.S. Inc.,Commercial,3
Utah Education Network,Education,3
Oregon State University,Education,3
Philipps-Universitaet Marburg,Education,3
Washington School Information Processing Cooperative,Education,3
University of Texas at San Antonio,Education,3
IVYTech Community College of Indiana,Education,3
Chapman University,Education,3
University of Oklahoma,Education,3
San Jose State University,Education,3
University of Tokyo,Education,3
St. Lawrence University,Education,3
Bryn Mawr College,Education,3
University of Stirling,Education,3
Florida Information Resource Network,Education,3
Pe3ny Net s.r.o.,Commercial,3
Louisiana Board of Regents/Louisiana Optical Network Initiative,Education,3
University of Richmond,Education,3
Linkoping University,Education,3
Bergen University Norway,Education,3
Universitaet Augsburg,Education,3
Vassar College,Education,3
Ohio University,Education,3
University of New Orleans,Education,3
Capital Area Intermediate Unit,Education,3
Universidade Federal do Para,Education,3
Hunter College,Education,3
University of Canterbury,Education,3
Lund University,Education,3
Grand Canyon University,Education,3
Indian Institute of Technology Kanpur,Education,3
Bogazici University,Education,3
Loughborough University,Education,3
Wake Forest University,Education,3
Solnet BB Vae Avrupa,Commercial,3
Albert-Ludwigs-Universitaet Freiburg,Education,3
"Universita' degli Studi di Padova",Education,3
Lawrence University,Education,3
WU (Wirtschaftsuniversitaet Wien) - Vienna University of Economics and Business,Education,3
Colorado School of Mines,Education,3
Fujitsu Services Ltd.,Commercial,3
Universidad Complutense de Madrid,Education,3
Pohang University of Science and Technology,Education,3
Kyungpook National University,Education,3
Pusan National University,Education,3
Hong Kong University of Science and Technology,Education,3
Universitaet Kiel,Education,3
Universitaet Wuerzburg,Education,3
Nanjing University,Education,3
Keio University,Education,3
Shanghai University,Education,3
Akademska mreza Republike Srbije - AMRES,Education,3
National Academy of Sciences of Belarus,Commercial,3
Seoul National University of Technology,Education,3
"Universita' Ca' Foscari - Venezia",Education,3
National Academic Network and Information Center,Education,3
Universitaet Bayreuth,Education,3
Secundrabad Zone,Commercial,3
Goteborgs Universitet,Education,3
Suleyman Demirel,Education,3
Preston College,Education,3
"Universita' degli Studi di Pisa",Education,3
Hogeschool Van Amsterdam,Education,3
Universitatea Babes-Bolyai Cluj-Napoca,Commercial,3
Lloyds Banking Group PLC,Commercial,3
Johns Hopkins University Applied Physics Laboratory,Education,3
Alma College,Education,3
Quality Service Provider BV,Commercial,3
Bates College,Education,3
The Associated Press,Organization,3
Universidad Anahuac,Education,3
National Instruments Corporation,Commercial,3
KBS Group,Commercial,3
"Nara Women's University",Education,3
Md. Emdadul Hoque,Commercial,3
Sacred Heart University,Education,3
Foundation of Research and Technology Hellas,Commercial,3
Turkiye ve Orta Dogu Amme Idaresi Enstitusu,Government,3
Technische Universitaet Darmstadt,Education,3
University of Lancaster,Education,3
Rogers Cable Inc. BAAL,Commercial,3
Robert Bosch Gesellschaft mit Beschraenkter Haftung,Commercial,3
Risk Control Strategies I,Commercial,3
Testamerica Laboratories Inc.,Commercial,3
TTNET s.r.o.,Commercial,3
Inorpel Ind. Nordestina de Prod. Eletricos Ltda.,Commercial,3
ALTEN,Commercial,3
McNet Servicos de Comunicacoes Ltda,Commercial,3
NGBN IP Pool,Commercial,3
Royal Hashemite Court,Commercial,3
Deutscher Bundestag,Commercial,3
Ecotel Communication AG,Commercial,3
newone GmbH,Commercial,3
KeyPath LLC,Commercial,3
American International School Abuja,Education,3
Nederland ISD,Commercial,3
CEGEP de Baie-Comeau,Commercial,3
Power Grid Corporation of India Limited,Commercial,3
Universitaet Regensburg,Education,3
Telnet Sistemas e Comunicacoes,Commercial,3
Capgemini Outsourcing Services GmbH,Commercial,3
Interwise Ltd.,Commercial,3
Kolokacije,Commercial,3
Exelion LLC.,Commercial,3
Public Net at CMTS04-E,Commercial,3
Matrix International SARL,Commercial,3
Broward County School Board,Education,3
Universite de Geneve,Education,3
Xavier University of la,Education,3
Kamatera Inc.,Commercial,3
Ice Communication Norge AS,Commercial,3
Istanbul Teknik Universitesi,Education,3
InterTECH Corp,Commercial,3
"Universita' degli Studi di Roma La Sapienza",Education,3
Eberhard-Karls-Universitaet Tuebingen,Education,3
Van Veen Beheer B.V.,Commercial,3
Teleglobal Communication Services Limited,Commercial,3
Direct Plus,Commercial,3
OpenFiber B.V.,Commercial,3
Nitin Networks,Commercial,3
Hanyang University,Education,3
Beijing Wish Network Technology Co. Ltd.,Commercial,3
ACL,Commercial,3
The Executive Centre Hong Kong Ltd,Commercial,3
Hainan Huirongji Investment Limited,Commercial,3
Leeds Beckett University,Education,3
Legaco Networks B.V.,Commercial,3
Universitaet Zuerich,Education,3
Network Nebraska,Education,3
Agis,Commercial,3
Tejasri communications,Commercial,3
Universitaet Bern,Education,3
West Chester University of Pennsylvania,Education,3
Utah State University Eastern,Education,3
Intel China Ltd,Commercial,3
Sarasota County Schools,Education,3
Fastway Surya Network Private Limited,Commercial,3
CMTS IP Pool,Commercial,3
OpenServ IPC National,Commercial,3
City Wide Communications Inc.,Commercial,3
Proline Datatech Services Pvt. Ltd.,Commercial,3
Rajasthan Entertainment Pvt Ltd,Commercial,3
Us Los Angeles IP Address,Commercial,3
Encircle Exports India Baroda,Commercial,3
PT Biznet Multi Media,Commercial,3
Newrui Limited,Commercial,3
Ddnet Solutions SRL,Commercial,3
Worldmed,Commercial,3
Urbanest Pty Limited,Commercial,3
Tier-1 Enterprise Datacenter in AMER-EAST,Commercial,3
Haridus- ja Noorteamet,Education,3
Reetel Broadband Service Private Limited,Commercial,3
Fraunhofer-Institut fuer intelligente Analyse- und Informationssysteme,Education,3
BGU,Education,3
HEAnet CLG,Education,3
Nevada System of Higher Education,Education,2
Swarthmore College,Education,2
Georgia State University,Education,2
University of Leicester,Education,2
Santa Clara County,Government,2
Texas Department of Information Resources,Government,2
Boise State University,Education,2
Western Michigan University,Education,2
Shared Services Canada,Government,2
University of Nebraska at Omaha,Education,2
Arizona State University,Education,2
University of Mississippi,Education,2
University of California Riverside,Education,2
University of Houston,Education,2
Cardiff University,Education,2
University of Stellenbosch,Education,2
West Virginia University,Education,2
Ohio Public Library Information Network,Library,2
Trinity College Dublin,Education,2
California State University Northridge,Education,2
Board of Regents of the University System of Georgia,Education,2
American University,Education,2
Edgewood College,Education,2
Dokuz Eylul University,Education,2
University of Nevada Reno,Education,2
Pogliotti & Pogliotti Construcciones S.A.,Commercial,2
Pacific Northwest National Laboratory,Government,2
Universidad de Antioquia,Education,2
University of North Florida,Education,2
Adelphi University,Education,2
Texas State University - San Marcos,Education,2
State of Maryland,Government,2
Massey University,Education,2
Servpac Inc.,Commercial,2
Government of South Africa,Government,2
The Catholic University of America,Education,2
University of South Alabama,Education,2
Middlebury College,Education,2
Portland State University,Education,2
Mount Sinai School of Medicine,Education,2
Tulane University,Education,2
University of Louisiana at Lafayette,Education,2
Louisiana Tech University,Education,2
Clackamas Education Service District,Education,2
Longwood Medical and Academic Area,Education,2
Orange County Department of Education,Education,2
University at Albany State University of New York,Education,2
Universitaet Des Saarlandes Saarbruecken,Education,2
Miami University,Education,2
Lingnan University,Education,2
The City University of New York,Education,2
Brock University,Education,2
Frisco Independent School District,Education,2
Mount Holyoke College,Education,2
Washington & Lee University,Education,2
Hautes Etudes Commerciales,Education,2
Jeffco Public Schools,Education,2
Bucknell University,Education,2
Charles University,Education,2
Universitaet Potsdam,Education,2
Universiti Teknologi MARA,Education,2
Southern Methodist University,Education,2
Tufts University,Education,2
Lynchburg College,Education,2
Denver Public Schools,Education,2
Wellesley College,Education,2
OTIS; Office of Telecommunications,Government,2
Heriot-Watt University,Education,2
Kyiv National Taras Shevchenko University,Education,2
The College of New Jersey,Education,2
The George Brown College of Applied Arts and Technology,Education,2
Salem-Keizer Public Schools,Organization,2
Universite du Quebec a Montreal,Education,2
TBC,Commercial,2
Furman University,Education,2
York College of Pennsylvania,Education,2
Research Institution of Telecom,Education,2
University of Wolverhampton,Education,2
University of the Pacific,Education,2
Skidmore College,Education,2
Multnomah Education Service District,Education,2
Company with Additional Responsibility Company Best,Commercial,2
Widener University,Education,2
Conroe Independent School District,Education,2
Biola University Inc.,Education,2
Missouri State University,Education,2
Contra Costa County Office of Education,Education,2
Auckland College of Education,Education,2
Hacettepe University,Education,2
The University of Birmingham,Education,2
BT Americas Inc.,Commercial,2
University of Dundee,Education,2
Shawnee State University,Education,2
Technische Universitaet Chemnitz,Education,2
Liverpool Hope University,Education,2
Elon University,Education,2
Oakland University,Education,2
University of Tasmania,Education,2
Juniata College,Education,2
Mesa School District,Education,2
Vienna University Computer Center,Education,2
University of Alabama,Education,2
Katholieke Universiteit Leuven,Education,2
The New Mexico Military Institute,Education,2
Connecticut College,Education,2
Babson College,Education,2
Accenture LLP,Commercial,2
Tennessee Technological University,Education,2
Universitaet Leipzig,Education,2
Government Shared Network,Government,2
Nortech,Organization,2
University of the South,Education,2
University of Warsaw,Education,2
Royal Holloway and Bedford New College,Education,2
Marbella,Commercial,2
CUHK,Education,2
Victoria University,Education,2
University of Essex,Education,2
Silesian University of Technology Computer Centre,Education,2
Victor,Education,2
Radford University,Education,2
Utrecht University,Education,2
Technische Universitaet Berlin Informatik,Education,2
Southeast University,Education,2
American University of Sharjah,Education,2
Crystal Automation Systems Inc,Commercial,2
Universidad de Salamanca,Education,2
AutoEverSystems Corp.,Commercial,2
Curtin University of Technology,Education,2
HKP,Education,2
Christchurch College of Education,Education,2
Universitas Airlangga,Education,2
ITRII,Organization,2
University of Worcester,Education,2
Harbin Institute of Technology,Education,2
Tianjin University,Education,2
Hong Kong Baptist University,Education,2
JSM Management Inc.,Commercial,2
Shanghai Jiaotong University,Education,2
Lanzhou University,Education,2
Peking University New Campus Network,Education,2
Chonnam National University,Education,2
CMB Dongseo Broadcasting,Commercial,2
Inje University,Education,2
Spanish Fork City,Organization,2
Fudan University,Education,2
University of Santo Tomas,Education,2
Amritsar,Commercial,2
Universidad de Alicante,Education,2
Universitaet Graz,Education,2
Areva SA,Commercial,2
University of Sussex,Education,2
Center for Research and Technology Hellas,Commercial,2
Universiteit Antwerpen,Education,2
Universite Catholique de Louvain,Education,2
Aarhus Universitet,Commercial,2
South West Grid for Learning Trust Ltd.,Organization,2
Universite Paris1 Pantheon - Sorbonne,Education,2
New York University Abu Dhabi - Abu Dhabi Foreign Branch-USA,Education,2
University of the Arts London,Education,2
Hochschule der Medien Stuttgart,Commercial,2
PT. Khasanah Timur Indonesia,Commercial,2
Stichting Glaslokaal,Commercial,2
The United Nations Educational Scientific and Cultural Organization,Organization,2
The Municipality of Oslo/Oslo Kommune,Government,2
Hochschule Luzern,Education,2
Open Universiteit,Education,2
UCD Campus Network,Education,2
Hochschule fuer angewandte Wissenschaften,Commercial,2
Miami Valley Educational Computer Association,Education,2
Dial-In Network,Commercial,2
Technical University of Gdansk Academic Computer Center Task,Education,2
Hochschule Fuer Technik Wirtschaft und Kultur Leipzig,Commercial,2
Bibliotheque Nationale de France,Library,2
Autorite des marches financiers,Commercial,2
Cusat Cochin,Education,2
OneCleveland,Organization,2
"The Children's Hospital of Alabama",Organization,2
Stamford College,Education,2
Kirkwood Community College,Education,2
Western Suffolk BOCES,Organization,2
Hope College,Education,2
Akademia Leona Kozminskiego,Education,2
Stella-Telecom - Static Pool - Broadband,Commercial,2
Minnesota State University Mankato,Education,2
Columbus Regional Airport Authority,Commercial,2
TK Telekom Sp. z o.o.,Commercial,2
Twin Rivers Unified School District,Education,2
Westport Public Library,Library,2
Indiana University of Pennsylvania,Education,2
Aalto University Student Union,Education,2
Stichting Webster University,Education,2
Capital Normal University,Education,2
e-vergent.com LLC,Commercial,2
State Library of Queensland,Library,2
Portland Community College,Education,2
Fraunhofer-Gesellschaft zur Foerderung der angewandten Forschung e.V.,Commercial,2
Yildirim Beyazit Univesitesi,Education,2
Lupin,Commercial,2
Aksaray Universitesi,Education,2
Thueringer Netkom GmbH,Commercial,2
Student Appartments Bielefeld,Commercial,2
Hochschule fuer Technik und Wirtschaft Berlin,Education,2
M Nets SAL,Commercial,2
Desert Sands Unified School District,Education,2
Manhattan College,Education,2
Toyota Motor Engineering,Commercial,2
Coop Italia,Commercial,2
Level 12 Menara Sunway Jalan Lagoon Timur,Education,2
Netaji Subhas Institute of Technology,Education,2
PT Jala Lintas Media,Commercial,2
Abdullah Gul Universitesi,Education,2
Lindenwood University,Education,2
Technikon Witwatersrand,Education,2
Integrated Digital Services Ltd,Commercial,2
Metro Communications Company Inc.,Commercial,2
Indra Gandhi Institute of Technology,Organization,2
Kit Carson Electric Cooperative Inc,Commercial,2
Dankook University,Education,2
Soyak Olimpiakent Site Yonetimi,Commercial,2
DAF Trucks N.V.,Commercial,2
BBSH Bergbahnen Saalbach Hinterglemm,Commercial,2
Signit S.R.O. Brno,Commercial,2
Groenjordskollegiet,Commercial,2
Dreamchaser Marketing Private Limited,Commercial,2
Electrica Sollerense SAU,Commercial,2
Technicolor Inc.,Commercial,2
UESTC at Qingshuihe,Education,2
Village at 48 West,Commercial,2
Technische Hochschule Mittelhessen,Commercial,2
Texas A&M University San Antonio,Education,2
Takenaka Corporation,Commercial,2
Aberystwyth University,Education,2
Ibaraki National College of Technology,Education,2
Bonneville Joint School District No,Education,2
IP Allocation 1 Nust,Education,2
D2 International Investment Ukraine Ltd.,Commercial,2
Universitaet des Saarlandes,Education,2
Magnalink A.S.,Commercial,2
Paramount Pictures,Commercial,2
Capula Investment Management LLP,Commercial,2
Opal DSL,Commercial,2
IAAK Technologies Inc.,Commercial,2
Gemeente Nijmegen,Commercial,2
Tcorp-Fa-Product to Product,Commercial,2
Huawei Japan,Commercial,2
Ecole Polytechnique Federale de Lausanne,Education,2
WALDYN,Commercial,2
Learn,Commercial,2
Politehnica University of Bucharest,Education,2
Teleseti Ltd,Commercial,2
BNP Paribas SA,Commercial,2
Nanjing University of Science & Technology,Education,2
ISI Line srl,Commercial,2
Init7 (Switzerland) Ltd.,Commercial,2
Armstrong,Commercial,2
OOO Mediaseti,Commercial,2
Coop Telefonica Villa Gesell Ltda,Commercial,2
PE Solovyov Volodymyr Igorovich,Commercial,2
Mobile Telesystems PJSC Kirov Branch,Commercial,2
Speed Telecom,Commercial,2
NSW Department of Education,Education,2
Viswaroopa Info Services India Private Ltd,Commercial,2
Southern Communications Ltd,Commercial,2
Otto-Friedrich-Universitaet Bamberg,Education,2
Indian Institute of Management,Education,2
Sim Headquarters,Education,2
Canisius Wilhelmina Ziekenhuis,Commercial,2
Regionalna Telewizja Kablowa Spolka Jawna L.Iwanski I Wspolnicy,Commercial,2
Ethernet Xpress Pvt. Ltd.,Commercial,2
"St. Anthony's High School",Education,2
WebPerception LLC,Commercial,2
"Universita' di Pisa",Education,2
University of Birmingham,Education,2
IPort LLC,Commercial,2
Technische Hochschule Koeln,Commercial,2
Critical Path Inc.,Commercial,2
Aarian Intasel Service Private Limited,Commercial,2
University of Jyvaskyla,Education,2
VMedia Inc,Commercial,2
Net Style Development Ltd,Commercial,2
Mobile Interim Company no.2 sal,Commercial,2
Stichting voor Christelijk Voortgezet Onderwijs,Commercial,2
Universitaet St. Gallen,Education,2
Universitaet Basel,Education,2
My Network India Internet Services Pvt. Ltd.,Commercial,2
Unideb,Commercial,2
Anglia Ruskin University,Education,2
Univerzita Tomase Bati ve Zline,Education,2
Higher Colleges of Technology,Education,2
Denuo Limited Hong Kong,Commercial,2
Aluminiere Lauralco,Commercial,2
United Arab Emirates University,Education,2
University of Huddersfield,Education,2
European Mobile Operator Oy,Commercial,2
Fachhochschule Nordwestschweiz FHNW,Education,2
Sogn og Fjordane Fylkeskommune,Commercial,2
Global Networks Infocomm Pvt Ltd,Commercial,2
Vaibhav Agencies,Commercial,2
One Net,Commercial,2
Unit A/3F Winner Commercial Building,Commercial,2
JSC Mastertel,Commercial,2
Telesvit LLC,Commercial,2
Kungliga Tekniska Hogskolan,Commercial,2
The WKCIC Group,Education,2
Augusta University,Education,2
Sonokonggib Co. Ltd. Corp.,Commercial,2
Klixa AG,Commercial,2
Capgemini Technology Services India Limited,Commercial,2
Kwame Nkrumah University of Science and Technology,Education,2
NewVisions Communications Inc.,Organization,2
City University of London,Education,2
Round Rock Independent School District,Education,2
Rexham Industries,Commercial,2
A1 Slovenija,Commercial,2
Falmouth University,Education,2
Menlo Security Inc.,Commercial,2
Flip TV Pty Limited,Commercial,2
OAI Internet Ltda,Commercial,2
Nordiska Servercentralen AB,Commercial,2
Norwich University of the Arts,Education,2
PJSC Industrial Media Network,Commercial,2
The University of Strathclyde,Education,2
Mountain Lakes Board of Education,Education,2
Fitchburg State University,Education,2
Vereinigte Stadtwerke Media GmbH,Commercial,2
Cyxtera Technologies Inc,Commercial,2
International Islamic University of Malaysia,Education,2
RELX Inc.,Commercial,2
Lamont-Doherty Earth Observatory of Columbia University,Education,2
Queens University,Education,2
Ciclo Tecnologia da Informacao Ltda,Commercial,2
Ivdesk Minnesota Inc.,Commercial,2
Blazing SEO LLC,Commercial,2
Telstra Daking,Commercial,2
Rhodia Telecomunicacoes Ltda ME,Commercial,2
Incrediserve Ltd,Commercial,2
The Buckingham Chicago,Commercial,2
REV,Commercial,2
Basis Independent Brooklyn,Commercial,2
DMIT Inc.,Commercial,2
Aluminum Company of America - Davenport,Commercial,2
UK Research and Innovation,Education,2
Maritime Research Institute Netherlands,Organization,2
GSL Networks Pty Ltd,Commercial,2
University of Malaya,Education,2
Thamizhaga Internet Communications Private Limited,Commercial,2
CV. Cahaya Gemilang,Commercial,2
3F Unit 14 Starmall Apartelle Shaw EDSA,Commercial,2
Powai,Education,2
Occom Pty Ltd,Commercial,2
Universiti Malaysia Sabah,Education,2
Huabo Technology International Limited,Commercial,2
JPMorgan Services India Private Limited,Commercial,2
KBNOnline,Commercial,2
King Abdullah University of Science and Technology,Education,2
Silicon Care Broadnet Pvt Ltd.,Commercial,2
MD Manir Hossen Trading as Xplore Cyber & Net,Commercial,2
Surya Net Services,Commercial,2
Netsat Communications Private Limited,Commercial,2
Unit 1205 12/F Cyberport 2 100 Cyberport Road Hong Kong,Commercial,2
Netmax Broadband Services,Commercial,2
STMIK Amikom Yogyakarta,Education,2
KS IT Solutions Sdn Bhd,Commercial,2
Jungle Studio,Commercial,2
Nick Merikas,Commercial,2
Department 9232 - Advanced Information Technology,Organization,2
BLC Consulting Service,Commercial,2
Ceano V15 Iaas Net,Commercial,2
AlterTEL Sp. z o.o.,Commercial,2
Harvey Mains,Commercial,2
Inside Sistemas de Informacao Ltda,Commercial,2
South Brunswick BOE,Commercial,2
V2 Corp,Commercial,2
City of Tshwane,Commercial,2
Captive Mail Inc.,Commercial,2
DEK-Optics CJSC,Commercial,2
Cogeco Connexion Inc,Commercial,2
"Al'Akhawayn University",Education,2
Wil-Med Global Inc.,Commercial,2
University of Otago,Education,2
IP Allocation 1 NUST,Education,2
Makerere University,Education,2
Erbakan Edu Net,Education,2
Stavros Niarchos Foundation Cultural Center Single Member S.A.,Organization,2
Uni Venezia,Education,2
CIRB CIBG,Government,2
Millersville University of Pennsylvania,Education,2
D. E. Shaw & Co. LP,Commercial,2
United Wholesale Mortgage LLC,Commercial,2
Swinburne University of Technology,Education,2
Auckland University of Technology,Education,2
Mansoura University,Education,2
ANO VO Universitet Innopolis,Education,2
King Street Wireless LP,Commercial,2
Flink Technologies Ltd,Commercial,2
Crum &Forster,Commercial,2
Argosity LLC,Commercial,2
Federal Institute of Technology Zurich,Education,2
Yae Telecom Limited,Commercial,2
Gruner + Jahr Deutschland GmbH,Commercial,2
Nationwide Mutual Insurance Company,Commercial,1
Massachusetts Higher Education Computer Network,Education,1
Universidad Nacional Autonoma de Mexico,Education,1
Western Washington University,Education,1
University of Pretoria,Education,1
Michigan Technological University,Education,1
Department of Veterans Affairs,Government,1
University of Western Ontario,Education,1
IBM Corporation,Commercial,1
University of Regina,Education,1
New York State Office of the State Comptroller,Government,1
James Madison University,Education,1
Edinburgh University,Education,1
Next Online Limited,Commercial,1
University of California Davis,Education,1
University of Southern Mississippi,Education,1
Mississippi State University,Education,1
Servico Federal de Processamento de Dados - Serpro,Government,1
Cherry Creek School District,Education,1
KPMG LLP,Commercial,1
University of California San Francisco,Education,1
International Institute of Information Technology,Education,1
University of Maryland at Baltimore,Education,1
UnitedHealth Group Incorporated,Commercial,1
University of the Western Cape,Education,1
University of Rochester,Education,1
The St. Paul Travelers Companies Inc.,Commercial,1
London School of Economics and Political Science,Education,1
Auburn University,Education,1
Katy Independent School District,Education,1
Miami Dade College,Education,1
Ryerson University,Education,1
University of Missouri-Columbia,Education,1
City of Riverside,Government,1
University of New Hampshire,Education,1
Bandar Seri Iskandar,Education,1
University of the Witwatersrand,Education,1
United Technologies Research Center,Organization,1
University of Texas,Education,1
Alabama Supercomputer Network,Government,1
Ebay Inc,Commercial,1
The RAND Corporation,Organization,1
Marist College,Education,1
California State University Sacramento,Education,1
Orange-Ulster BOCES,Organization,1
Case Western Reserve University,Education,1
University of Texas at Dallas,Education,1
Webster University,Education,1
Heinrich-Heine-Universitaet Duesseldorf,Education,1
United States Patent and Trademark Office,Government,1
"Reseau d'Informations Scientifiques du Quebec",Organization,1
Liberty University,Education,1
College of Wooster,Education,1
Simpson Thacher & Bartlett LLP,Commercial,1
Wal-Mart Stores Inc.,Commercial,1
Grand Valley State University,Education,1
Genesee ISD,Education,1
Florida International University,Education,1
Cleveland Clinic Foundation,Organization,1
Cedarville University,Education,1
Vigo County School Corp.,Education,1
University of South Dakota,Education,1
American National Bank,Commercial,1
Keybank National Association,Organization,1
Gettysburg College,Education,1
Louisiana State University,Education,1
Partners Healthcare System Inc.,Organization,1
Purdue University,Education,1
University of San Francisco,Education,1
Fundacao Universidade de Brasilia,Education,1
Handy Networks LLC,Commercial,1
U.S. Center for Disease Control and Prevention,Government,1
Ottawa Area ISD,Education,1
Technische Universitaet Kaiserslautern,Education,1
Barclays Capital,Commercial,1
Universidade Federal do Rio Grande do Norte,Education,1
East Tennessee State University,Education,1
Indiana Department of Education,Education,1
SUNY College at Cortland,Education,1
Siena College,Education,1
Schlumberger Limited,Commercial,1
Paul Weiss Rifkind Wharton,Commercial,1
Loyola University Chicago,Education,1
Lehigh University,Education,1
Smith College,Education,1
Binghamton University,Education,1
Kohler Company,Commercial,1
University of San Diego,Education,1
Seton Hall University,Education,1
Queen Mary and Westfield College University of London,Education,1
University of Louisville,Education,1
Johns Hopkins University,Education,1
Greenwich University,Education,1
Marquette University,Education,1
Memorial University of Newfoundland,Education,1
North Carolina A&T State University,Education,1
CPS,Commercial,1
Fairfax County Government,Government,1
Universidade Federal de Minas Gerais,Education,1
Analysis Group Inc.,Commercial,1
Service Alberta,Government,1
Providence Health & Services,Organization,1
College of William and Mary,Education,1
Rochester Institute of Technology,Education,1
Utah State University,Education,1
State of Arkansas,Government,1
Kansas State University,Education,1
University of Lethbridge,Education,1
Westminster College of Salt Lake City,Education,1
Disney Worldwide Services Inc.,Commercial,1
University of Idaho,Education,1
Scotia McLeod Inc.,Commercial,1
University of Dayton,Education,1
University of Wisconsin - Eau Claire,Education,1
Universiti Malaysia Sarawak,Education,1
The Robert Gordon University,Education,1
University of Kent,Education,1
University of St. Thomas,Education,1
Nassau County Board of Cooperative Education Services - Nassau Co. NY,Education,1
Baltimore County Public Schools,Education,1
WV Department of Education,Education,1
Central Michigan University,Education,1
Gustavus Adolphus College,Education,1
Fairfax County Public Schools,Education,1
Ithaca College,Education,1
Phillips Academy,Education,1
Universite de Sherbrooke,Education,1
California Institute of Technology,Education,1
San Francisco International Airport,Commercial,1
Organisation for Economic Co-operation and Development,Organization,1
Stiftelsen Goteborgs Studentbostader,Commercial,1
Student Village Foundation of Turku,Organization,1
Fundacao Universidade Regional de Blumenau,Education,1
University of North Carolina at Charlotte,Education,1
Western Illinois University,Education,1
Pacific Lutheran University,Education,1
University of Abertay Dundee,Education,1
Rapid City Public Schools,Organization,1
Balfour Beatty PLC,Commercial,1
University of Montreal,Education,1
Lawrence Livermore National Laboratory,Organization,1
Loudoun County Public Schools,Education,1
Eastman Kodak Company,Commercial,1
University Health Network,Education,1
San Francisco Unified School District,Education,1
Universite du Quebec a Chicoutimi,Education,1
University of Tehran Informatics Center,Education,1
County of Riverside,Government,1
Cal State Fullerton,Education,1
Winston-Salem/Forsyth County Schools,Education,1
Sheffield Hallam University,Education,1
Bulk Assignment,Commercial,1
University of Innsbruck,Education,1
Colgate University,Education,1
University of Cyprus,Education,1
New Brunswick Department of Education,Education,1
Hanover College,Education,1
Southern Illinois University at Edwardsville,Education,1
Oklahoma State University,Education,1
University of Helsinki,Education,1
Loyola University New Orleans,Education,1
University of Wales Bangor,Education,1
Suffolk University,Education,1
Western Digital Corporation,Commercial,1
School District No. 23,Education,1
Boston Public Library,Library,1
Rhode Island College,Education,1
Bergische Universitaet Wuppertal,Education,1
Tohoku University,Education,1
St. Olaf College,Education,1
Lewis & Clark College,Education,1
Arkansas Public School Computer Network,Education,1
Synopsys Inc.,Commercial,1
Humboldt State University,Education,1
Indian Institute of Technology Patna,Education,1
University of Alabama at Birmingham - The University Computer Center,Education,1
Wittenberg University,Education,1
University of Hull,Education,1
Worcester Polytechnic Institute,Education,1
San Francisco Public Library,Library,1
Cargill Inc.,Commercial,1
Advanced Micro Devices Inc.,Commercial,1
Digiweb Ltd.,Commercial,1
Ostbayerische Technische Hochschule Regensburg,Commercial,1
Auckla,Education,1
Davidson College,Education,1
Mercy College,Education,1
Loyola University Maryland,Education,1
Amherst College,Education,1
Eotvos Lorand University of Sciences,Education,1
Merck and Co. Inc.,Commercial,1
Splius Uab,Commercial,1
University of Nottingham,Education,1
Onatel,Commercial,1
Doshisha University,Education,1
Academy School District,Education,1
Oregon Public Education Network,Education,1
Bolt Beranek and Newman Inc.,Commercial,1
Manchester Metropolitan University,Education,1
HHL Handelshochschule Leipzig gGmbH,Commercial,1
BT Americas Inc,Commercial,1
Berry College,Education,1
Florida Atlantic University,Education,1
Central Intelligence Agency,Government,1
FRIT,Organization,1
Middle East Technical University,Education,1
University of Athens,Education,1
Connecticut Education Network,Education,1
University of Oslo,Education,1
University of Southern Indiana,Education,1
U.S. Securities & Exchange Commission,Government,1
Auckland University of Technology Network,Education,1
Cambrium IT Services B.V.,Commercial,1
Kocaeli University,Education,1
Allegheny Intermediate Unit,Education,1
Hertie School of Governance gGmbH,Education,1
Westfield State University,Education,1
LA Comunity Collge District,Education,1
Brno University of Technology,Education,1
Kern High School District,Education,1
Universitaet Koblenz-Landau (Abt. Koblenz) Ghrko Koblenz,Education,1
Bard College,Education,1
Bradley University,Education,1
CETYS - Centro de Ensenanza Tecnica Y Superior,Education,1
University of Vermont,Education,1
Lamar University,Education,1
University of Denver,Education,1
Caci Inc. Federal,Commercial,1
CTC Transmisiones Regionales S.A.,Commercial,1
Weatherford International LLC,Commercial,1
Comsats,Education,1
BJC Health System,Organization,1
Pillsbury Madison & Sutro Inc.,Commercial,1
Fidelity Investments,Commercial,1
Universidade Federal de Sergipe,Commercial,1
IBM,Commercial,1
Universitaet Paderborn,Education,1
State University of New York at Buffalo,Education,1
Cardinal Intellectual Properties,Commercial,1
University of Texas at Arlington,Education,1
The Procter and Gamble Company,Commercial,1
Seattle Pacific University,Education,1
City of Mississauga,Government,1
Bentley University,Education,1
Farmingdale State College,Education,1
Fondation Nationale des Sciences Politiques,Organization,1
Capital One Financial Corporation,Commercial,1
DePauw University,Education,1
University of Tromso,Education,1
Ecole Polytechnique de Montreal,Education,1
Region 18 Education Service Center,Education,1
Hamilton College,Education,1
Virginia Community College System,Education,1
Willamette Education Service District,Education,1
Coastal Carolina University,Education,1
University of Winnipeg,Education,1
U. S. Bureau of the Census,Government,1
Pinellas County Schools,Education,1
Pepperdine University,Education,1
Bellevue School District,Education,1
Robert Morris University,Education,1
State University of New York Health Science Center at Syracuse,Education,1
Metropolitan State University of Denver,Education,1
Piper Jaffray Companies,Commercial,1
Arapahoe School District,Education,1
Uppsala Student Network,Education,1
North Central College,Education,1
Sakarya University Computer Center,Education,1
Towson State University,Education,1
University of North Carolina at Greensboro,Education,1
Union College,Education,1
Deakin,Education,1
EVO North,Commercial,1
Mississippi Bend Area Education Agency,Education,1
Monmouth University,Education,1
Ball State University,Education,1
KPMG,Commercial,1
Instituto Politecnico Nacional,Organization,1
Edge Hill University,Education,1
Eastern Suffolk Boces,Organization,1
FernUniversitaet Hagen,Education,1
Sam Houston State University,Education,1
Eli Lilly and Company,Commercial,1
Loyola Marymount University,Education,1
Corona-Norco Unified School District,Education,1
Zanjan government university,Education,1
PCS Health Systems,Organization,1
Montgomery College.,Education,1
Texas Instruments,Commercial,1
Haskoli Islands,Education,1
Stellar Association LLC,Organization,1
Australia and New Zealand Banking Group Ltd,Commercial,1
University of Lausanne,Education,1
Rensselaer Hartford Graduate Center,Education,1
California State Polytechnic University - Pomona,Education,1
Albany Schoharie Schenectady Boces,Education,1
AHI Evran Universitesi,Education,1
Algonquin College,Education,1
University of South Australia,Education,1
SG Americas Operational Services Inc.,Commercial,1
Artesis Plantijn Hogeschool Antwerpen,Commercial,1
Thompson Rivers University,Education,1
1651884 Ontario Inc.,Commercial,1
Sabanci University,Education,1
ACT Department of Education,Education,1
IdeaTek,Commercial,1
The University of Winchester,Education,1
The Connecticut Hospital and Affiliates,Commercial,1
External,Commercial,1
Universidade Catolica Portuguesa,Education,1
Department of Human Services,Government,1
University of Western Sydney,Education,1
Queensland Health,Government,1
City of Chandler,Government,1
Ruhr-Universitaet Bochum,Education,1
Karadeniz University,Education,1
Westmont College,Education,1
Clarksville Department of Electricity,Government,1
Lancaster Lebanon Intermediate Unit,Organization,1
Tufts Health Care Plans Inc,Commercial,1
University of Redlands,Education,1
State Library of Victoria,Library,1
Osaka City University,Education,1
Vancouver Public Library,Library,1
Indian Institute of Management Indore,Education,1
Ateneo de Zamboanga,Education,1
Jordanian Universities Network L.L.C.,Education,1
Tokyo Institute of Technology,Education,1
Lamar County School District,Education,1
CENET,Organization,1
Nanyang Polytechnic,Education,1
East-Zone for Huazhong University of Science and Technology,Education,1
Indiana State Library,Library,1
Government Service Network,Government,1
Institut Teknologi Bandung,Education,1
Mitsubishi Electric Corporation,Commercial,1
IIINT,Education,1
Universitas Sebelas Maret,Education,1
Cornell College,Education,1
SUt,Education,1
Suffield Academy,Organization,1
Ningbo Nuodinghan College,Education,1
Kwansei Gakuin University,Education,1
National Institute of Technology Rourkela,Education,1
Universitas Padjadjaran,Education,1
University of Ulsan,Education,1
Singapore Management University,Education,1
Bond University,Education,1
Maharishi Dayanand University Rohtak,Education,1
National University Corporation Tokyo University of Agriculture and Technology,Education,1
Tsinghua University,Education,1
WPC,Commercial,1
Peking,Education,1
Fujitsu Limited,Commercial,1
Universitas Islam Indonesia,Education,1
The University of Electro-Communications,Education,1
Hankuk Aviation University,Education,1
Huazhong University of Science and Technology,Education,1
Art Institute of Chicago,Education,1
Glasgow Caledonian University,Education,1
Kerala University,Education,1
East China Normal University,Education,1
IP Allocation 1 Ist,Education,1
IsIran,Commercial,1
Jawaharlal Nehru University,Education,1
IRON,Government,1
Gunadarma University,Education,1
Universite de Fribourg,Education,1
Bellamy at Milledgeville,Commercial,1
Skylink Digital,Commercial,1
Nara Institute of Science and Technology National University Corporation,Education,1
Indian Institute of Management Lucknow,Organization,1
Champaign Metro,Commercial,1
Changwon National University,Education,1
Manonmaniam Sundaranar University,Education,1
Oracle Corporation Japan,Commercial,1
Tongji University,Education,1
Shivaji University Kolhapur,Education,1
MTT Network (Pvt.) Ltd.,Commercial,1
Okinawa Cable Network Co. Ltd,Commercial,1
Caterpillar Inc.,Commercial,1
Israeli Government Network,Government,1
Adana Bilim ve Teknoloji Universitesi,Education,1
Sinop University,Education,1
IP Allocation 1 Nu-Fast,Education,1
Karaj Data Center,Commercial,1
Sony Corporation,Commercial,1
Chengdu University of Sicence and Technology,Education,1
"Universita' degli Studi di Perugia",Education,1
University of Crete,Education,1
Technische Universitat Wien,Education,1
Best Cabletelevision Co Ltd.,Commercial,1
SRM Institute of Science and Technology,Organization,1
Karlstad University,Education,1
Japan Patent Office,Government,1
University of Vaasa,Education,1
Narodna in Univerzitetna Knjiznica,Commercial,1
"Centre des technologies de l'information de l'Etat",Government,1
Oesterreichische Akademie der Wissenschaften,Education,1
Kent County Council,Government,1
Universidad de Leon,Education,1
Hochschule Wismar,Commercial,1
MCast,Organization,1
"Centre de Calcul de l'Universite de Bourgogne",Education,1
Universidad de Valladolid,Education,1
Bostaden,Commercial,1
Umea University,Education,1
Bar Ilan University,Education,1
Istanbul Bilgi Universitesi,Education,1
Marmara University,Education,1
Universite de Lorraine,Education,1
Universite de Haute Alsace,Education,1
Stichting BOA,Commercial,1
Haagse Hogeschool,Commercial,1
Universidade da Coru~na,Education,1
Consejo Superior de Investigaciones,Organization,1
Ecole Centrale Paris,Commercial,1
Universitaet Salzburg; EDV-Zentrum,Education,1
Gandhinagar Zone,Commercial,1
Kalinga Institute of Industrial Technology,Education,1
Univerza v Ljubljani,Education,1
Universitaet Osnabrueck; Rechenzentrum,Education,1
Universite de Bordeaux - DSI,Education,1
Paris VII Denis Diderot University,Education,1
Greek High-School Internet Network,Education,1
Katholische Universitaet Eichstaett,Education,1
Guru Jambeshwar Univ. of Sci. & Tech,Education,1
Humboldt-Universitaet zu Berlin,Education,1
Ecole Centrale de Lyon,Commercial,1
Qatar Foundation for Education Science and Community Development,Education,1
KfW Kreditanstalt fur Wiederaufbau,Commercial,1
Sutd SG,Education,1
"Laboratoire d'Informatique de Paris",Organization,1
Technische Universitaet Graz,Education,1
Officine Informatiche Srl,Commercial,1
Danube University Krems,Education,1
Xaverian College,Education,1
Stiftung Europa-Universitaet Viadrina,Education,1
Avans Hogeschool,Commercial,1
Universite Pierre et Marie Curie,Education,1
Universitaet Bielefeld,Education,1
Hochschule Aalen,Commercial,1
Zonguldak Karaelmas University,Education,1
Universite de Mons,Education,1
Universitaire Faculteiten Sint-Ignatius te Antwerpen,Education,1
Bundesamt fuer Sicherheit in der Informationstechnik,Government,1
Ecole Normale Superieure,Education,1
Universitaet Trier,Education,1
Universitaet Ulm,Education,1
National Library of Technology,Library,1
College Park the Tower at 3rd,Education,1
Indian Statistical Instituite Banglore,Education,1
Hogeschool Van Arnhem en Nijmegen,Commercial,1
City of Helsinki,Government,1
EDF Trading,Commercial,1
Defence Science and Technology Laboratory,Government,1
FHU Ez-Bit Tomasz Zakonek,Commercial,1
SIMSU - Service Informatique Mutualise du Site Universitaire,Education,1
The Borough of Telford and Wrekin Council,Government,1
Universite Lumiere,Education,1
University of Teesside,Education,1
Universitat Politecnica de Valencia,Education,1
ENFORMATIC Sp. z o.o.,Commercial,1
Ilsp Institute for Language and Speech Processing,Organization,1
Barclays Bank PLC,Commercial,1
Mektel Inc,Commercial,1
Swiss Federal Institute of Technology Zurich,Education,1
Narsee Monjee Institute of Management Studies,Education,1
National Institute of Technology Warangal,Education,1
University of Petroleum and Energy Studies,Education,1
Varndean College,Education,1
Universite de Poitiers,Education,1
University of South Africa,Education,1
Institut Rudjer Boskovic,Commercial,1
Hochschule Heilbronn,Commercial,1
Kirikkale Universitesi Muh. Fak.,Commercial,1
Jerusalem College of Technology,Education,1
Hochschule Hannover,Commercial,1
Stiftung Preussischer Kulturbesitz,Organization,1
Stark Portage Area Computer Consortium,Organization,1
Roshangaran Ertebatat Rayaneh,Commercial,1
RadioLAN spol. s r.o.,Commercial,1
Openbare Bibliotheek Amsterdam,Organization,1
Institut National de Recherches Agronomiques,Government,1
The Darien Telephone Co. Inc.,Commercial,1
Universidad de Deusto,Education,1
Balikesir Universitesi,Education,1
St. Francis Xavier University,Education,1
Gulf Research & Development Company,Commercial,1
The School District of Lee County,Education,1
Socrates,Organization,1
Ditco Dodea Sohqips,Education,1
Graphic Era University Uttrakhand,Education,1
Southwest Jiaotong University,Education,1
Bridgeport Public Schools,Education,1
District School Board of Pasco County,Education,1
Motilal Nehru National Institute of Technology,Organization,1
Dataline LLC,Commercial,1
Universite de Lille,Education,1
North Valley High School,Education,1
Tomsk State University,Education,1
Centre for Development of Advanced Computing,Commercial,1
Heartland-COG/North Central Ohio Computer Cooperative,Education,1
Woko Caesar-Ritz-Strasse,Commercial,1
Kalamazoo College,Education,1
FCB Communications,Commercial,1
Region One Education Service Center,Education,1
University for the Creative Arts,Education,1
TCT Ltd.,Commercial,1
Thalamus Operations AB,Commercial,1
Royal Bank of Scotland,Commercial,1
Sol CGN Yenibosna,Commercial,1
The Networking People (NorthWest) Limited,Commercial,1
Brooklyn College,Education,1
Irish Government,Government,1
Wayfair LLC,Commercial,1
Lazard Freres & Company,Commercial,1
Sauron CZ s.r.o.,Commercial,1
State College Area School District,Education,1
Institut National de Recherche en Informatique et Automatique de Rennes,Organization,1
Central Washington University,Education,1
Ctel Links at Columbia,Commercial,1
Tri-County Computer Services Association,Education,1
Bridgewater College,Education,1
Acadia University,Education,1
Tangipahoa Parish School System,Education,1
Universidad Europea de Madrid,Education,1
Universidad Iberoamericana A.C.,Education,1
SXLF Jincheng BAS,Commercial,1
Cristo Rey Jesuit HS,Commercial,1
Florida Gulf Coast University,Education,1
UnderNet LLC,Commercial,1
Regents College,Education,1
Old National Bancorp,Commercial,1
Landmark,Commercial,1
"St. Joseph's College",Education,1
Harford Community College,Education,1
Aeneas Internet Services,Commercial,1
UFB,Commercial,1
Burbank Unified School District,Education,1
St. Edwards University,Education,1
University of North Carolina at Asheville,Education,1
Great River Aea,Education,1
Riverdale Country School,Education,1
Stiftelsen SINTEF,Commercial,1
Mount Allison University,Education,1
Universidad Autonoma del Estado de Mexico,Education,1
California State University Bakersfield,Education,1
Fireline Network Solutions Inc.,Commercial,1
Francis Marion University,Education,1
Mnet Telekommunikation GmbH,Commercial,1
Net at Once Sweden AB,Commercial,1
Clark College,Education,1
Lee College,Education,1
TriNed B.V.,Commercial,1
Aragon de Cable S.A.,Commercial,1
Atlantek Computers Teoranta Ltd,Commercial,1
Home Internet Ltd,Commercial,1
411 Lofts,Commercial,1
Grant County Public Utility District,Organization,1
Polytechnic University,Education,1
Nomura Securities Co. Ltd.,Commercial,1
Adobe Systems Inc.,Commercial,1
Direccion Informatica,Commercial,1
Agence France-Presse,Commercial,1
Shanghai University of Finance & Economics,Education,1
Korea University of Technology and Education,Education,1
Impact Business Solutions,Commercial,1
University of Ulster at Magee College,Education,1
Six Continents Hotels Inc,Commercial,1
Exetel ACT DSL,Commercial,1
SinoPac Holdings,Commercial,1
University of the North,Education,1
"Universite d'Evry Val d'Essonne",Education,1
Fachhochschule Aachen,Commercial,1
Credit Agricole S.A.,Commercial,1
Suceava,Commercial,1
Universite du Sud Toulon - Var,Education,1
Institute of Applied Technology,Education,1
Mann + Hummel GmbH,Commercial,1
Karatay Universitesi,Education,1
Gemeente Maastricht,Commercial,1
NHTV Internationale Hogeschool Breda,Education,1
Springer,Commercial,1
Ten Feet Wright Inc,Commercial,1
EPM Data AB,Commercial,1
Charite - Universitaetsmedizin Berlin,Education,1
Common Gateway for single or more than one IP user,Commercial,1
Welsh Government,Government,1
Oslo School District,Education,1
Osso B.V.,Commercial,1
Amasya Universitesi,Education,1
DNA Smartlink Broadband Pvt Ltd,Commercial,1
Internet Systems Consortium Inc.,Organization,1
Hochschule Furtwangen,Commercial,1
The Capital Group Companies Inc.,Commercial,1
Da Da Broadband Ltd.,Commercial,1
Skagen Antennelaug,Commercial,1
Sat-Trakt D.O.O.,Commercial,1
Howell Public Schools,Commercial,1
Willis Group Services Ltd,Commercial,1
Grupo Servicios Junin S.A.,Commercial,1
GNET-ISP d.o.o.,Commercial,1
Ltd. DSS Group,Commercial,1
Linix Ltd,Commercial,1
Carlow University,Education,1
McNet S.R.O.,Commercial,1
Zenith Electronics Corporation,Commercial,1
Cotesma,Commercial,1
City of Fort Collins,Commercial,1
Caisse Federale de Credit Mutuel SA,Commercial,1
Metuchen School District,Education,1
Qlogic Corporation,Commercial,1
Manufacturers and Traders Trust Company,Commercial,1
Hospitality Network LLC,Commercial,1
Net-Surf.net Ltd.,Commercial,1
Universitaet Salzburg,Education,1
Fort Bend County Libraries,Library,1
One Source Networks Inc,Commercial,1
Baldwin-Wallace College,Education,1
Akademikerhilfe Studentenunterstuetzungsverein,Education,1
ANZ National Bank Limited,Commercial,1
GTT,Commercial,1
CNA - Catholic Education South Australia Network,Education,1
Nikkei Inc.,Commercial,1
Department of Science and Technology,Government,1
PE Dmytro Golubnichiy Volodomirovich,Commercial,1
Le Moyne College,Education,1
Planet Ozi Pty Ltd,Commercial,1
Network Center,Education,1
"Xi'an Science and Technologe Institute",Organization,1
Yamaha Co. Ltd,Commercial,1
GSM Network IP Equipment,Commercial,1
Kobe College,Education,1
Kuban-GSM Local Registry,Commercial,1
Suny Institute of Technology,Education,1
Bursa Teknik Universitesi,Education,1
Hochschule Rhein-Waal,Commercial,1
Standard Chartered Bank,Commercial,1
Fachhochschule Salzburg GmbH,Education,1
Intech Enterprises,Commercial,1
Oresundskraft,Commercial,1
Omnova Solutions Inc,Commercial,1
Institut de Recherche et Coordination Acoustique/Musique,Commercial,1
UPC Romania Targoviste,Commercial,1
Sundbynet,Commercial,1
Savonia University of Applied Sciences,Education,1
Ringling College of Art and Design,Education,1
Northwest ISD,Organization,1
Newtown Public Schools,Commercial,1
Talladega County Schools,Education,1
Ecole Centrale de Lille,Commercial,1
Ubisoft Entertainment,Organization,1
Gujarat Telelik Pvt Ltd,Commercial,1
Digitalforge,Commercial,1
Aurora University,Education,1
The City of Wadsworth,Organization,1
Capital & Coast District Health Board,Organization,1
ThePacific.net Ltd,Commercial,1
Comvergence Pty Ltd,Commercial,1
Rotorua/32 Custopmer Assignments,Commercial,1
Soonchunhyang University,Education,1
AMC Theatres,Commercial,1
Sears Canada Inc.,Commercial,1
KDDI R&D Laboratories Inc.,Commercial,1
Mizoram University,Education,1
Tbwa Singapore Pte Ltd,Commercial,1
Continental AG,Commercial,1
86 Golaghata Road,Commercial,1
Gujarat Vidyapith Ahmedabad,Commercial,1
Gazon Communications India Limited,Commercial,1
UPC Romania Bucuresti B2B E320 Ra,Commercial,1
TBCDSB,Commercial,1
Grand View College,Education,1
Bulloch Telco,Commercial,1
Brasrede Telecomunicacoes Ltda,Commercial,1
Howard Community College,Education,1
Washington Post,Commercial,1
South Central Telephone Association,Organization,1
Amirkabir University of Technology,Education,1
Satellite Cable TV Net,Commercial,1
Academia Sinica Computing Centre,Education,1
Telge Energi,Commercial,1
E.Serv Informatica e Tecnologia Ltda.,Commercial,1
TCE Wifi Users,Commercial,1
WNT Telecommunication GmbH,Commercial,1
New Media Co. Ltd.,Commercial,1
GVD Antenneforening,Commercial,1
Ehinet Srl,Commercial,1
UPC Romania Bistrita,Commercial,1
Lubbock Christian University,Education,1
Point72 Asset Management LP,Commercial,1
Liberty Technologies Corp.,Commercial,1
Grohe AG,Commercial,1
Fayetteville Public Utilities,Commercial,1
Tucson NextLevel,Commercial,1
GarnierProjects BV,Commercial,1
Bratislava,Commercial,1
Knight Capital Group Inc,Commercial,1
American Family Association Inc,Organization,1
LLC Grazhdan-Servis Russia Izhevsk,Commercial,1
WireFree Communications Inc.,Commercial,1
PT. Varnion Technology Semesta,Commercial,1
Mellanox Technologies Ltd,Commercial,1
Dotname Korea Corp,Commercial,1
Disenadores Informaticos Y Tecnologicos S.L.,Commercial,1
GGT Provedor Internet Ltda,Commercial,1
ELEMENTMEDIA GmbH,Commercial,1
Citgo Petroleum Corporation.,Commercial,1
Ropes & Gray,Commercial,1
United Electric Cooperative,Commercial,1
Hazlett Lewis Bieter,Commercial,1
Alfred University,Education,1
Internexa Peru S.A,Commercial,1
Cable Networks Akita Co. Ltd.,Commercial,1
Banque Nationale du Canada,Commercial,1
RFTkabel Brandenburg GmbH,Commercial,1
Chaminade University of Honolulu,Education,1
Baltic State Technical University,Education,1
Batyevka Ltd,Commercial,1
Rogers Cable Inc. NBCT,Commercial,1
Empresa Provincial de Energia de Cordoba,Commercial,1
University of North Alabama,Education,1
National Centre for Biological Sciences,Commercial,1
Wonten Network Ltd.,Commercial,1
bdHUB,Commercial,1
LCV Corporation,Commercial,1
Compania Hotelera Cartagena de Indias,Commercial,1
Madonna University,Education,1
Comunidad Autonoma de la Rioja,Organization,1
Oklahoma Christian University of Science and Arts,Education,1
Gold Data C.A.,Commercial,1
Microchip Technology Inc.,Commercial,1
E4A s.r.l.,Commercial,1
Opin Kerfi ehf,Commercial,1
Manfred Reindl,Commercial,1
Muskingum University,Education,1
Hochschule Esslingen,Commercial,1
Nanjing Normal University,Education,1
ACO Computerservice GmbH,Commercial,1
Baloot Communication Network Private Limited Company,Commercial,1
PT Communications Corporation,Commercial,1
Kensington North and South,Commercial,1
SXLL Lfenyuan BAS,Commercial,1
Yleisradio Oy,Commercial,1
Terrakom d.o.o.,Commercial,1
Openbare Bibliotheek Groningen,Commercial,1
Inovare-Prim SRL,Commercial,1
Medicine Hat College,Education,1
Telenor Sverige Aktiebolag,Commercial,1
PrimoWireless Ltd,Commercial,1
Northwest University,Education,1
Giganet Internet Szolgaltato Kft,Commercial,1
KajoNet Oy,Commercial,1
iTalk Australia Pty Ltd,Commercial,1
Sevenoaks School,Education,1
Hotchkiss School,Education,1
Universidad Autonoma de Ciudad Juarez,Education,1
Kenosha Unified School District,Education,1
Cegep de Sainte-Foy,Commercial,1
JasTel Network,Commercial,1
Carlos Hilado Memorial State College,Education,1
Tangerine Limited,Commercial,1
Pennsylvania Highlands Community College,Education,1
Austin Peay State University,Education,1
Long Beach CCD,Education,1
Health Data Sciences Corporation,Commercial,1
Chaminade HS,Commercial,1
Charlotte-Mecklenburg Schools,Commercial,1
Cognizant Technology Solution India Pvt Ltd Philippines Net Block,Commercial,1
Fullerton Community College,Education,1
Hochschule Fuer Musik und Darstellende Kunst Graz,Education,1
Hallym University,Education,1
Individual Network Berlin e.V.,Commercial,1
Universitaet fuer angewandte Kunst Wien,Education,1
Sofia East quarters,Commercial,1
Spacelabs Medical Inc.,Commercial,1
Iteso A.C.,Education,1
Madison County Schools,Education,1
River Club Apartments,Commercial,1
Mia Telecoms,Commercial,1
University of Tennessee at Chattanooga,Education,1
Danville Mutual Telephone,Commercial,1
Broadband Business Clients,Commercial,1
LLC Management Company Svyaz,Commercial,1
Lognet,Commercial,1
"Rectorat de l'Academie de Nancy-Metz",Commercial,1
Dow Jones & Company Inc.,Commercial,1
Guilford High School,Education,1
Sony Music Axis Inc.,Commercial,1
Neosho County Community College,Education,1
F-Secure Oyj,Commercial,1
I3P,Commercial,1
Grand Ltd,Commercial,1
Halic Universitesi,Commercial,1
Squarepoint Ops LLC,Commercial,1
GSM WAN Links,Commercial,1
Salans D.Oleszczuk Kancelaria Prawnicza Sp. K.,Commercial,1
National Institute of Industrial Engineering Mumbai,Organization,1
Oconee State Bank,Commercial,1
JSC RooTelecom,Commercial,1
Loughborough Endowed Schools,Organization,1
LEAP,Commercial,1
Ah Equity Partners I LLC,Commercial,1
Banka Slovenije,Commercial,1
Informatique CDC,Commercial,1
Gobierno del Estado de Nuevo Leon,Commercial,1
Freifunk Rheinland e.V.,Commercial,1
KomMITT-Ratingen GmbH,Commercial,1
SCECGS Redlands Ltd,Education,1
Brasil Telecomunicacoes S.A.,Commercial,1
The McCall Pattern Company,Commercial,1
Hardin Simmons University,Education,1
NVVI Internet Marketing,Commercial,1
Reconn. Operator Svyazi LLC,Commercial,1
Gestmusic Endemol,Commercial,1
Community Schools of Naples,Commercial,1
Nextpertise B.V.,Commercial,1
Universidad del Istmo,Education,1
Inst. Fed. de Educacao Ciencia e Tecno Fluminense,Education,1
Harper Collins Publishers Inc.,Commercial,1
Electronica DX S.A.,Commercial,1
PWX Sp. z o.o.,Commercial,1
SXXZ Erfenju BAS,Commercial,1
OJSC TNT-Broadcasting Network,Commercial,1
Telkab sp. z o.o.,Commercial,1
Planet,Commercial,1
IDL Net,Commercial,1
TOV Trest Ukrtelebud,Commercial,1
Panasonic Avionics Corporation,Commercial,1
Fort Lewis College,Education,1
Department of Information Technology,Government,1
Izhline Ltd.,Commercial,1
Leggat McCall Properties,Commercial,1
Istituto degli Oblati di Maria Vergine,Commercial,1
MSUM,Commercial,1
Beijing University of Posts & Telcommucations,Education,1
E Utile,Commercial,1
Disquom Funktechnik GmbH,Commercial,1
CMA Consulting,Commercial,1
Conway Emergency Operations Center,Organization,1
Keskinainen Vakuutusyhtio Fennia,Commercial,1
Hochschule Ansbach,Commercial,1
Suny Old Westbury,Education,1
Aubay SA,Commercial,1
Academic Computer Centre CYFRONET AGH,Education,1
Metranet Communications Ltd,Commercial,1
Recoop Tour A.S.,Commercial,1
Skroutz Internet Services S.A.,Commercial,1
Ingenioerforeningen i Danmark,Commercial,1
American Mathematical Society,Organization,1
Zeytinlik Mah 278 Sok No 1 Karabiga Canakkale,Commercial,1
NKTV Ltd.,Commercial,1
Districon Group BV,Commercial,1
Technische Universitaet Carolo-Wilhelmina zu Braunschweig,Education,1
ISD# 625 Saint Paul Public Schools,Education,1
Anaheim Convention Center,Commercial,1
Sony Global Solutions Inc.,Commercial,1
Minyonghangkong,Commercial,1
Universiteit Leiden,Education,1
St Lukes Parish,Commercial,1
HEC Paris,Education,1
University College Cork,Education,1
Sociedade Educacional do Espirito Santo,Commercial,1
Aster Sp. z o.o.,Commercial,1
Depco International Inc.,Commercial,1
Metaphor Digital Media,Commercial,1
Sasol,Commercial,1
Panagora,Commercial,1
Escape.net,Commercial,1
CCCS,Commercial,1
Providence College,Education,1
Best Value Inn and,Commercial,1
Hochschule Fresenius gGmbH,Commercial,1
Hochschule Pforzheim - Gestaltung Technik Wirtschaft und Recht,Commercial,1
Remote,Commercial,1
O2 Slovakia S.R.O.,Commercial,1
South China University of Technology,Education,1
TRUMPF GmbH + Co. KG,Commercial,1
TOWER Limited,Commercial,1
Mankato Clinic,Commercial,1
Kepler (Paris) Capital Markets,Commercial,1
Boise Cascade Company,Commercial,1
Osirnet Info Telecom Ltda.,Commercial,1
Liberty Source LP,Commercial,1
Ningbo City Zhejiang Province,Commercial,1
Poste Italiane S.p.A.,Commercial,1
Kyoto Tachibana University,Education,1
Suvoz Global Services S.L.,Commercial,1
Kyambogo University,Education,1
Major League Baseball Advanced Media LP,Organization,1
Strong Technologies LLC,Commercial,1
National University of Ireland Galway,Education,1
JSC Amtkom,Commercial,1
Regeneron Pharmaceuticals Inc,Commercial,1
Buchanan Ingersoll & Rooney PC,Commercial,1
Tjorns Kommun,Commercial,1
Internexa Chile S.A.,Commercial,1
Freenet LTD,Commercial,1
D. A. Servicos de Telecomunicacoes Ltda ME,Commercial,1
United Cooperative Services,Commercial,1
Exabyte Corporation,Commercial,1
rrbone UG (haftungsbeschraenkt),Commercial,1
Interdotnet Argentina S.A.,Commercial,1
Reunicable SAS,Commercial,1
Viadee Unternehmensberatung GmbH,Commercial,1
Vovinet Infotech Pvt. Ltd,Commercial,1
Artemis,Commercial,1
Universite de Montpellier,Education,1
SateliX s.r.o.,Commercial,1
Broadband Network the City,Commercial,1
Sauce Labs Inc,Commercial,1
PCS Wireless,Commercial,1
Telefonika LLC,Commercial,1
The Warehouse,Commercial,1
Access Systems Europe GmbH,Commercial,1
Eworkplace Solutions Inc.,Commercial,1
Guangxi Normal University,Education,1
GoeTel GmbH,Commercial,1
Christian Brothers University,Education,1
Marriott Corporationattn Joh,Commercial,1
CJS Company Komstar-Regiony,Commercial,1
Digicom TV OOD,Commercial,1
HAL Service srl,Commercial,1
Hochschule fuer Bildende Kuenste,Commercial,1
Aljeel Aljadeed for Technology,Commercial,1
AwellConnected.Com,Commercial,1
Lothar Heuer & Andreas Sack GbR,Commercial,1
PT. Power Telecom Indonesia,Commercial,1
Get Network Ltd,Commercial,1
Wefe Technology Pvt Ltd,Commercial,1
Yildiz University Computer Center,Education,1
ITS Technology Group Limited,Commercial,1
Okitech Krzysztof Kusnierczyk,Commercial,1
Link Point Servicos Ltda-Me,Commercial,1
KDS Smiley TV d.o.o.,Commercial,1
Toronto District School Board,Education,1
Sveriges Television Aktiebolag,Commercial,1
Klick Inc.,Commercial,1
Shipman & Goodwin LLP,Organization,1
Enfocus,Organization,1
P.A.K.T LLC,Commercial,1
SXLF Yicheng BAS,Commercial,1
TIMEWARP IT Consulting GmbH,Commercial,1
Spectra Energy Corporation,Commercial,1
Net Turbo Telecom,Commercial,1
Classic Support Pvt. Ltd.,Commercial,1
Wix Net do Brasil Ltda,Commercial,1
Grove Flagstaff,Commercial,1
J2Global LAN Network,Commercial,1
Cyber Info Provedor de Acesso Ltda ME,Commercial,1
Customer Networks,Commercial,1
Aminet Wojtas Maciej,Commercial,1
ALTEKO d.o.o.,Commercial,1
Access Smart Solutions India Pvt Ltd,Commercial,1
YourColo LLC,Commercial,1
Echotel Pty Ltd,Commercial,1
Puma Internet Tecnologia de Comunicacao Ltda ME,Commercial,1
Wolfgang Koehler,Commercial,1
Bauhaus-Universitaet Weimar,Education,1
University of Bradford,Education,1
Net Vision Communications LLC,Commercial,1
Extreme Arena Private Limited,Commercial,1
Baojicity IPAddressPool,Commercial,1
The Francis Crick Institute Limited,Education,1
Kontorshotellet Nacka Strand KB,Commercial,1
Randolph Township Schools - Mresc,Commercial,1
Colombia Mas TV S.A.S,Commercial,1
Ford Maguires,Commercial,1
KOBA Sp. z o.o.,Commercial,1
Airnet Cable and Datacom Pvt Ltd,Commercial,1
University of Reading,Education,1
Bergen County Vocational Technical School District,Education,1
Verus Connect,Commercial,1
Mentor Public Schools,Education,1
Village Promenade,Education,1
This Space is Statically Assigned,Commercial,1
City of Anacortes,Organization,1
Stichting Deltares,Organization,1
Rainbow Communications India Pvt Ltd,Commercial,1
BNK DSL Network,Commercial,1
Real Miles Communication,Commercial,1
Ekpaideythria Douka Ae Mesogeion 151 Marousi,Commercial,1
Gmina Miasta Gdanska Urzad Miejski W Gdansku,Commercial,1
I2Net CZ S.R.O.,Commercial,1
Yashash Cable Network Pvt Ltd,Commercial,1
Genstar Network Solutions Pvt Ltd.,Commercial,1
S.R.Network.Solution,Commercial,1
Infirmary Health System Inc.,Organization,1
Universitaet der Bundeswehr Muenchen,Education,1
Moscow State University,Education,1
City of San Diego,Government,1
Uplanet LLC,Commercial,1
Wananchi Group (Kenya) Limited,Commercial,1
ITCOM Shpk,Commercial,1
CPM Properties,Education,1
Casino,Commercial,1
Flash Broadband Pvt Ltd,Commercial,1
San Benito Consolidated Independent School District,Education,1
University of South Wales,Education,1
Abs-CBN Convergence Inc,Commercial,1
MMAL,Commercial,1
Lavinia,Commercial,1
Sam Online,Commercial,1
Alcan India Pvt Ltd.,Commercial,1
Interbaun Communications,Commercial,1
Frontiir Co. Ltd,Commercial,1
Frontera Digital S.A.,Commercial,1
MERKLE,Commercial,1
University of Oulu,Education,1
Mada Communications CJSC,Commercial,1
Universitaet Siegen,Education,1
Universitaet Passau,Education,1
Empr.Tec.Inform.Comun. Mun.sp-Prodam-SP S/A,Government,1
Voyageur Internet Inc,Commercial,1
Adarsh Infosolutions,Commercial,1
Neumann University,Education,1
R2 Net Solutions Pvt Ltd,Commercial,1
Cyber Internet Ltda ME,Commercial,1
Telmi Telecom S.L,Commercial,1
Gyrocast Limited,Commercial,1
Pishgaman Toseeh Ertebatat Company (Private Joint Stock),Commercial,1
HASHIKMA NGN International Communications 015LTD,Commercial,1
Shun Ke International Freight Forwarding (Shanghai) Co. Ltd.,Commercial,1
Blvd,Education,1
University Commons at Minneapolis,Education,1
Grove Fort Collins,Education,1
700 on Washington,Education,1
University House Acadiana,Education,1
Invermae Solutions SL,Commercial,1
Supernet,Commercial,1
C.S.T. Ltd.,Commercial,1
Carl Zeiss AG,Commercial,1
Life Positive Private Limited,Commercial,1
Arizona Tri-University Network,Education,1
Advantus Corporate Infoserv Private Ltd,Commercial,1
"Alma Mater Studiorum Universita' di Bologna",Education,1
Studierendenwerk Bonn AoeR,Commercial,1
Kenet Jkuat Main Campus,Commercial,1
Forcepoint Cloud Hong Kong,Commercial,1
Ltd. SpaImpulse,Commercial,1
Anhui WLAN Ippool,Commercial,1
Fesenko Igor Mikolayovich,Commercial,1
Sri Madheswara Agencies,Commercial,1
Syn Ltd,Commercial,1
Wujin District Changzhou City Cafe Hutang Ica,Commercial,1
Deloitte Consulting,Commercial,1
Universidad de Granada,Education,1
Web World,Commercial,1
Telco Pro Services A. S.,Commercial,1
Srinivasa Agencies,Commercial,1
LLC RusTel,Commercial,1
Meyer Aluminium,Commercial,1
Beijing Kingsoft Cloud Internet Technology Co. Ltd.,Commercial,1
Government Communications Network,Government,1
Viral Communications Private Limited,Commercial,1
Shree Balaji Infoway Private Limited,Commercial,1
Universidad del Pais Vasco - Euskal Herriko Unibertsitatea,Education,1
Wirulink Pty Ltd,Commercial,1
Technical University of Kosice,Education,1
Pronea AS,Commercial,1
Service Center Corporation,Education,1
Namibia University of Science and Technology,Education,1
Landspitali - University Hospitals,Education,1
Pryama Mova Tov.,Commercial,1
University of Hradec Kralove,Education,1
Holyoke Gas & Electric Department,Commercial,1
Shah Infinite Solutions Pvt. Ltd.,Commercial,1
Deltaativa Telecomunicacoes,Commercial,1
A & G Telecomunicacoes Ltda EPP,Commercial,1
Mazeda Networks Limited,Commercial,1
Futain Trading Co.,Commercial,1
HZ Hosting Ltd,Commercial,1
Fondazione Bruno Kessler,Commercial,1
Departementenes Sikkerhets- og Serviceorganisasjon,Commercial,1
Aramark Services Inc,Commercial,1
DataLogic ADC Inc.,Commercial,1
Irving Weber Associates,Education,1
Railwire Ludhiana,Commercial,1
FOP Lytsik Vitaliy Yaroslavovich,Commercial,1
DNSnet Arteco Net,Commercial,1
National Infomation Society Agency,Organization,1
Golden Touch International,Commercial,1
Westlink Tecnologia e Comunicacao Ltda. - ME,Commercial,1
Shree Padma Technology,Commercial,1
Delta Networks Pvt. Ltd.,Commercial,1
ATMLink Inc.,Commercial,1
Sagar Vision,Commercial,1
Jetway Broadband India Pvt Ltd,Commercial,1
College of the Muscogee N,Education,1
NCR,Commercial,1
Crescendo Technology,Commercial,1
Conterra,Commercial,1
Haute Ecole D Ingenierie et de Gestion du Canton de Vaud,Commercial,1
Maynooth University,Education,1
HeLi NET Telekommunication GmbH & Co.,Commercial,1
ScanSafe Services LLC,Commercial,1
Clark County Nevada Information Systems,Commercial,1
Waverly Utilities,Commercial,1
Marvell Semiconductor Inc,Commercial,1
Schweizerische Rueckversicherungsgesellschaft,Commercial,1
Berkshire Group LLC,Commercial,1
UE Agil Trade OOD,Commercial,1
Phoenix Technologies Ltd.,Commercial,1
PIHKNetwork,Commercial,1
State Unitary Enterprise of Krasnodar Region Information Technology Center,Commercial,1
Power System Operation Corporation Limited,Commercial,1
Chernogolovskaya Telefonnaya Kompaniya Ltd.,Commercial,1
VostroNet,Commercial,1
XM Media Services LLP,Commercial,1
Mondragon Goi Eskola Polteknikoa,Education,1
Netcom Kassel Gesellschaft fuer Telekommunikation mbH,Commercial,1
National Center of Scientific Research Demokritos,Commercial,1
Loopback Address,Education,1
Lohjan Kaupunki,Commercial,1
Quintex Alliance Consulting,Commercial,1
limited liability company Konnectika,Commercial,1
State Corporation Bank for Development and Foreign Economic Affairs Vnesheconombank,Commercial,1
HX Systems,Commercial,1
Royal Borough of Windsor and Maidenhead,Government,1
swissbrothers AG,Commercial,1
Nottingham Trent University,Education,1
PT Centrin Online Prima,Commercial,1
Universite de Nice,Education,1
Trunc Inc.,Commercial,1
Auspice,Commercial,1
JV Protection Services,Commercial,1
Student Housing Technologies,Commercial,1
UpCloud USA Inc,Commercial,1
DC Leite ME,Commercial,1
Atlanta Braves,Commercial,1
Regus Business Centre LLC,Commercial,1
Symbio Networks,Commercial,1
Idilis SRL,Commercial,1
WLAN Sistemas Ltda ME,Commercial,1
Sondercloudlimited,Commercial,1
University of Aberdeen,Education,1
Airmobile.co.za,Commercial,1
Sky Televentures Services Pvt Ltd,Commercial,1
World Wide Technology Holding Co. Inc.,Commercial,1
NetGuard LLC,Commercial,1
Viasat Satellite Services AB,Commercial,1
EDF Trading North America LLC,Commercial,1
Edirne Cirpici Yolu no 9 Maltepe mh. Zeytinburnu ISTANBUL,Commercial,1
Klein Independent School District,Education,1
Click Telecomunicacao Ltda ME,Commercial,1
Andhra Pradesh State FiberNet Limited,Commercial,1
SME Clients,Commercial,1
Marshall Wace Asset Management Ltd,Commercial,1
PURtel.com GmbH,Commercial,1
K.B.A. Imoti Ltd.,Commercial,1
Hongik University,Education,1
Internet Bolaget Sverige AB,Commercial,1
General Santos City National High School,Education,1
Jasco Converged Solutions (Pty) Ltd,Commercial,1
Black & Veatch International Company,Commercial,1
Skynet Broadband,Commercial,1
Sony Communication Network Corporation,Commercial,1
Sitel Ltd,Commercial,1
Lotte Data Communication Company,Commercial,1
AGSM Lighting SRL,Commercial,1
Net 4 U Service,Commercial,1
Leipziger Verlags- und Druckereigesellschaft mbH Co. KG,Commercial,1
Address Assignments for Corporate Clients Requiring Additional IP Resources,Commercial,1
Orange Communications Luxembourg S.A,Commercial,1
AstraZeneca PLC,Commercial,1
Panserve Limited,Commercial,1
DIS Research Ltd.,Commercial,1
Vrije Universiteit Brussel,Education,1
StarGate Communications Ltd.,Commercial,1
University of Michigan Information and Technology Services,Education,1
Integral Systems Europe,Commercial,1
IconTechNext,Commercial,1
Zac Trajectoire - 8 Avenue Ernest Boffa,Commercial,1
Hochschule Stralsund,Education,1
Loparex,Commercial,1
The University of New England,Education,1
Public IP Addresses Assigned to Clients,Commercial,1
Media Wave Co. Ltd.,Commercial,1
Palantir Technologies Inc.,Commercial,1
Lake Travis Isd,Organization,1
RF Engineering,Commercial,1
Roehampton University,Education,1
Uninet server hotel,Commercial,1
Harper Adams University,Education,1
Operations & Compliance Network LLC,Commercial,1
Edwards Lifesciences Corporation,Commercial,1
PCCW IMS Ltd,Commercial,1
Hilton Fort Lauderdale Beach Res,Commercial,1
EASYNET.PL Sp. z o.o.,Commercial,1
Guest-Tek Interactive Enterta,Commercial,1
Comenius University in Bratislava,Education,1
Prince William County Public Schools,Education,1
Life Tecnologia Ltda.,Commercial,1
Mariusz Chmielewski Trading as Netfala,Commercial,1
Vogel Solucoes em Telecom e Informatica S/A,Commercial,1
Conexao Servicos de Comunicacao Multimidia Ltda-ME,Commercial,1
Grayson Collin Communications,Commercial,1
Covenant University,Education,1
Ismael Stroher & Cia. Ltda. - ME,Commercial,1
Tudo Internet,Commercial,1
Certto Telecomunicacoes Ltda Epp.,Commercial,1
Nternet Harbour International Co.Limited,Commercial,1
6th & Elm LLC,Commercial,1
ANNEX,Commercial,1
7F World Peace Center 55 Wo Tong Tsui St Kwai Chung,Commercial,1
Artmotion SH.P.K.,Commercial,1
UT Tyler,Commercial,1
JSC Elektrosvyaz,Commercial,1
Ensync Business Solutions (Pty)LTD,Commercial,1
Studenten Internet BVBA,Commercial,1
Execution Noble Ltd,Commercial,1
Brabit AB,Commercial,1
PHPOP,Commercial,1
16 Kwai Fung Crescent Kwai Chung NT,Commercial,1
Premium Customers Ether,Commercial,1
York St John University,Education,1
Aix-Marseille Universite - AMU,Education,1
PPTIK - Universitas Gadjah Mada.,Education,1
Indian Institute of Engineering Science and Technology Shibpur,Education,1
Midwest Energy & Communications,Commercial,1
Sebastiao Eustaquio Coleho,Commercial,1
Interfast Panama S.A.,Commercial,1
W M Dodgson,Commercial,1
BARC Connects,Commercial,1
Blueprint Automation - Longmont Co Colorful Ave,Commercial,1
STUDENT AGENCY k.s.,Commercial,1
University of Plymouth,Education,1
Parknet F.M.B.A,Commercial,1
Kyungwon University,Education,1
Wasp SA Data,Commercial,1
Feedback Interactive Systems Italia SRL,Commercial,1
Beijing Sankuai Cloud Computing Co. Ltd.,Commercial,1
The University of Cape Coast,Education,1
Mobifone Service Company Region,Commercial,1
Northwest Tri-County IU,Organization,1
iTalkBB Australia Pty Ltd,Commercial,1
Isttelkom Istanbul Elektronik Haberlesme ve Altyapi Hizmetleri Sanayi ve Ticaret Anonim Sirketi,Commercial,1
Interworks Inc.,Education,1
innogy SE,Commercial,1
Trinity Laban Conservatoire of Music and Dance,Education,1
Samarasvyazinform Ltd,Commercial,1
HBU.edu,Education,1
Unipolsai Assicurazioni S.p.A.,Commercial,1
2 3rd Mile Square,Commercial,1
Pulse Tekh,Commercial,1
Nova Group LLC,Commercial,1
KCable Communication Pvt. Ltd.,Commercial,1
Ferrari-Networks S.a.r.l.,Commercial,1
Tafe SA,Education,1
USTRNET Technopark Trivandrum Software Services Company/Call,Commercial,1
Fundacao Carlos Chagas Filho de Amparo a Pesquisa,Education,1
Fondazione Onaosi,Commercial,1
Vivo Connection Spol. S R.O.,Commercial,1
The English and Foreign Languages University Hyderabad,Education,1
RackIP Consultancy Pte. Ltd.,Commercial,1
Zurich University of Applied Sciences,Education,1
Datacenter Milagro,Commercial,1
Pawel Kosiorowski Trading as Res.pl Kosiorowski Wisniowski SP.J.,Commercial,1
I-Site Co. Ltd.,Commercial,1
Mawingu Nat Pool,Commercial,1
The Department of Jobs and Small Business,Government,1
Philippine Science High School - Bicol Region Campus,Education,1
F Bit Networks Corp.,Commercial,1
Xinerdianqi,Commercial,1
Nignet Iletisim Telekominikasyon Hizmetleri,Commercial,1
Linkt SAS,Commercial,1
Holy Spirit University of Kaslik,Education,1
Ccer Megafood Ventures McDonalds,Commercial,1
Kyonggi University,Education,1
25th Floor Net Park 5th Avenue Crescent Park,Commercial,1
Zantaz,Commercial,1
Flip TV Services Pty Ltd,Commercial,1
htcnet.org,Organization,1
Ltd Digital Dialogue-T,Commercial,1
AVAST Software,Commercial,1
iClick Telecom,Commercial,1
Solelat Datagroup,Commercial,1
Starbucks Corp,Commercial,1
Wang Tai Campus of Ningxia University,Education,1
Dot Com Solutions Inc,Commercial,1
KPMG S.A,Commercial,1
Iway Telecom Sociedad Anonima Cerrada,Commercial,1
IP Licensing Group,Commercial,1
Hq Global Workplaces,Commercial,1
Prime Networks,Commercial,1
Chowan University,Education,1
Brainlink International Inc.,Commercial,1
Patriot Rentals LLC,Commercial,1
Ascension Technologies,Commercial,1
Dedalos Sarl,Commercial,1
Critical Reach,Commercial,1
Sig/Dutch Centre for Health Care Information,Government,1
Sitios GmbH over Netcom BW,Commercial,1
Eastern Cranial Affls,Commercial,1
SGV Ti e Telecom Ltda,Commercial,1
Fiber Services Inc.,Commercial,1
Felix Payern,Commercial,1
Ovis IT Consulting GmbH,Commercial,1
Tipmont Rural Electric Membership Corporation,Organization,1
"Xi'An Xiu Si Dun Xiu Xian Space",Commercial,1
WeatherCity Services,Commercial,1
Ghanaian Academic and Research Network,Education,1
Teleium SA,Commercial,1
DNSteam de Renata Smolan,Commercial,1
New Jersey United States,Commercial,1
4Brands Reply,Commercial,1
Ghana Institute of Management and Public Administration - Gimpa,Education,1
Sayed Farhad Ahmed t/a Aamra Management Solution,Commercial,1
University of Energy and Natural Resources,Education,1
F.C.G. & More SRL,Commercial,1
NextiraOne Czech s.r.o.,Commercial,1
Vortex Netsol Private Limited,Commercial,1
Advanced Science and Technology Institute,Education,1
New York State Department of Finance,Commercial,1
Sifi Online Pvt Ltd,Commercial,1
De La Salle - College of Saint Benilde,Education,1
TAFE NSW - North Coast Institute,Education,1
DKU CN,Education,1
Holmesglen Institute of Tafe,Education,1
Srit India Pvt Ltd,Commercial,1
Universitas Negeri Semarang,Education,1
Telnet Telecommunication Limited,Commercial,1
Universitas Pendidikan Indonesia,Education,1
Shiv Nadar University,Education,1
GTPL Chelikam Networks India Pvt. Ltd.,Commercial,1
Pearl Solutions,Commercial,1
Acebrowse Private Ltd,Commercial,1
Metro Telecommunications,Commercial,1
Indraprastha Institute of Information Technology Delhi,Education,1
Kabankalancatvinc PH,Commercial,1
Thien Quang Digital technology joint stock company,Commercial,1
Universitas Negeri Surabaya,Education,1
Speednet Unique Network Pvt Ltd,Commercial,1
University Malaysia Perlis,Education,1
Balaji Enterprises,Commercial,1
PT Mitra Solusi Telematika,Commercial,1
Apace Internet Pvt Ltd,Commercial,1
Deepak Network,Commercial,1
Adelaide Airport Limited,Commercial,1
Roke Manor Research Limited,Commercial,1
Alacriy Net System Service Private Limited,Commercial,1
BAS network,Commercial,1
Phazippo Utama,Commercial,1
Iqtera Communication Pvt Ltd,Commercial,1
GoSEMO Fiber,Commercial,1
Velocity Networks Limited,Commercial,1
Gold Fields Australia Pty Ltd,Commercial,1
Skylink Networks,Commercial,1
Room L1-29 Mirror Tower 61 Mody Road Tsim Sha Tsui East,Commercial,1
Airconnet Internet Services Pvt Ltd,Commercial,1
Goodwill Smartlink Pvt Ltd,Commercial,1
Sky Systems Ltd,Education,1
GigsGigs Cloud Limited,Commercial,1
Interphone Pty Ltd,Commercial,1
Allied IT Infrastructure and Services Pvt Ltd,Commercial,1
Fastway Space Satellite Pvt. Ltd.,Commercial,1
Independent Univeristy Bangladesh,Education,1
Ability Networks,Commercial,1
QiHU 360 Inc.,Commercial,1
HTC International telecommunication joint stock company,Commercial,1
NSP Electronics Limited,Commercial,1
Data Com Network71 Pvt Ltd,Commercial,1
UWBA Pty Ltd,Commercial,1
Dl Media Private Limited,Commercial,1
Sanhati Infocom Services Private Limited,Commercial,1
Potomac Asset Management,Commercial,1
Alpha Infolab Pvt Ltd,Commercial,1
Third Eye Vision,Commercial,1
Dgtek Pty Ltd,Commercial,1
Elechservice-Grup S.R.L,Commercial,1
Harisree Cable Net Pvt Ltd,Commercial,1
Analysys Ltd,Commercial,1
Centerhop SG,Commercial,1
NBBJ Architecture Consulting,Commercial,1
Relx RIPE IntIP,Commercial,1
Magdalena Betriebsgesellschaft mbH,Commercial,1
W Capital Investments Limited,Commercial,1
Alpine Computers,Commercial,1
ADSL NO NAT Customers,Commercial,1
Sierra Semiconductor,Commercial,1
Naesseslottet Aps,Commercial,1
Dragon Models USA,Education,1
Ministre Des Forests Govt of Quebec,Government,1
9F Silvercorp International Tower 707 Nathan Road HK,Commercial,1
CV. Cataleya Hasianina,Commercial,1
Computel,Commercial,1
PG DataNet Inc,Commercial,1
Sberbank of Russia PJSC,Commercial,1
Ocean Prosper Limited,Commercial,1
National Science Center Foundation Inc.,Government,1
Hokkaido Nippon-Ham Fighters Baseball Club,Commercial,1
PT. Manggar Media Utama,Commercial,1
Hampton Inn - Nanuet,Education,1
Superior Home Services Inc.,Commercial,1
Antonio Carlos Correia Filho Serv. de Telecom.-ME,Commercial,1
Qode Media,Commercial,1
IB Project,Commercial,1
Unit17 9F. Tower a New Mandrin Plaza HK,Commercial,1
CA Mi,Commercial,1
VEM Solutions LLC,Commercial,1
Inacom C.A,Commercial,1
Webcraft Found LLC,Commercial,1
Lippes Mathias Wexler Friedman LLP,Commercial,1
PT. Bersinar Jesstive Mandiri,Commercial,1
PT Yuditha Nugraha Karya,Commercial,1
Daniel Tilly,Commercial,1
Auto-Trol Technology Corporation,Commercial,1
Horizon Investment,Commercial,1
Caritas St. Marys Women and Childrens Center Inc,Commercial,1
Arkoma Public Library,Education,1
Matt & Hasprich GbR,Commercial,1
The Harker School,Education,1
"Xi'An Blue Superman Net",Commercial,1
Parasol EMT Sydney Pty Ltd,Commercial,1
All Saints CE School,Education,1
Richard Boylan,Commercial,1
Neology Anycast DNS,Commercial,1
Banco Santander Rio SA,Commercial,1
T-Systems c/o Charles Voegele,Commercial,1
NTUC Skills Development,Commercial,1
Bloemen op Locatie,Commercial,1
Standard Microsystems Corporation,Commercial,1
Gdqmo - Mdeie,Commercial,1
"Institut Wallon de l'Evaluation de la Prospective et de la Statistique",Education,1
BuildaClick LLC.,Commercial,1
Ypsilati Ypsilanti Dia,Commercial,1
The Kooples,Commercial,1
Josef Saule GmbH,Commercial,1
Avinashilingam Institute for Home Science & Higher Education for Women Coimbatore,Education,1
IP Allocation 1 BU,Education,1
Southwestern Law School,Education,1
IP Allocation 1 UET,Education,1
National Law University Odisha (NLUO)Cuttack,Education,1
Rutgers the State University,Education,1
PricewaterhouseCoopers LLP,Commercial,1
National Information Resources Service,Government,1
PT Jaringan Keluarga Bersama,Commercial,1
Channel Tek Enterprises (Private) Limited.,Commercial,1
Megatel Networks Private Limited,Commercial,1
Mymanga End-Users,Commercial,1
Indian Institute Of Technology Banaras Hindu University,Education,1
Westfaelische Wilhelms-Universitaet Wwu IT,Education,1
G Net,Organization,1
Jaytel Solutions Opc Private Limited,Commercial,1
Iver Sverige AB,Commercial,1
Tier-1 Enterprise Datacenter in EMEA,Commercial,1
IED Istituto Europeo di Design S.p.A.,Education,1
Fundacion Tecnalia Research and Innovation,Education,1
U.S. Department of Defense Education Activity,Education,1
Rub Inet,Education,1
Bennett University.,Education,1
"Universita' degli Studi di Milano - Bicocca",Education,1
CTG,Commercial,1
TC Cumhurbaskanligi Idari Isler Baskanligi,Government,1
Universitatea Alexandru Ioan Cuza Din Iasi,Education,1
Battelle Memorial Institute Pacific Northwest Division,Organization,1
IE Universidad,Education,1
Stichting Nederlandse Publieke Omroep,Government,1
Universite de Nantes,Education,1
The Webb Schools,Organization,1
IP Allocation 1 UOE,Education,1
Tampere University Foundation,Education,1
Technische Universitaet Muenchen,Education,1
Rede Nacional de Ensino e Pesquisa,Education,1
Citigroup Inc.,Commercial,1
Peak Mobiles India Pvt Ltd,Commercial,1
Deloitte-Gruppe Germany,Commercial,1
The Humber College Institute of Technology and Advanced Learning,Education,1
Monmouth Regional High School,Education,1
Augsburg University,Education,1
Lake Highland Preparatory School,Education,1
San Antonio Independent School District,Education,1
Punjabi-Uninversity- Patiala,Commercial,1
Dhaka University of Engineering & Technology Gazipur,Education,1
NKU,Commercial,1
Ridgefield Public Schools - ESCNJ,Commercial,1
Smarteye B.V,Commercial,1
IP Communications Limited,Commercial,1
The University of Hartford,Education,1
LDV ISAM,Organization,1
2021071914223 Enterprise Client,Commercial,1
VUSD,Education,1
St Louis Community College,Education,1
Delaware Valley School District,Education,1
Board of Cooperative Educational Services,Commercial,1
El Camino Real Charter High School,Education,1
Utah Tech University,Education,1
Drake University - IA,Education,1
Casa de Bolsa Banorte Sociedad Anonima de Capital Variable Grupo Financiero Banorte,Organization,1
The College Crusade of RI,Education,1
Portage Schools,Commercial,1
Westminster Public Schools,Organization,1
Lasell University,Education,1
Davinci Charter School,Education,1
DLER IO HK,Commercial,1
Edgevirt Operations Pty Ltd,Commercial,1
Seyon Tele Infra Private Limited,Commercial,1
RV Infotainment Private Limited,Commercial,1
Inovanet Telecomunicacoes E Multimidia Ltda,Commercial,1
City of Vinton,Government,1
JDHQ Hotels,Education,1
Technische Hochschule Brandenburg,Education,1
Iowa Central Community College,Education,1
The Leeds Teaching Hospitals National HealthService Trust,Organization,1
International Campus GmbH,Commercial,1
Koninklijke Bibliotheek Van Belgie,Commercial,1
Weizenbaum-Institut e.V.,Education,1
Metrolina Christian Academy,Organization,1
AARNet Pty Ltd,Education,1
Middlesex College,Education,1
The Atlantic Monthly Group LLC,Commercial,1
McKinsey Knowledge Center Poland Spolka Z Ograniczona Odpowiedzialnoscia,Commercial,1
Villa Maria College,Education,1
Sau 85 - Sunapee School District,Education,1
Itenet,Education,1
Channelco.,Commercial,1
Khaitan & Co,Commercial,1
Hertie School gGmbH,Education,1
Menomonee Falls School District,Education,1
WeWork International Limited,Commercial,1
The English Theatre Frankfurt gGmbH,Commercial,1
Duolingo,Commercial,1
Zhejiang Lab,Commercial,1
University of Plovdiv Paisiy Hilendarski,Education,1
Le Havre Seine Metropole,Commercial,1
Moody S Corporation,Commercial,1
PT Tonggak Teknologi Netikom,Commercial,1
Net 3 Link,Commercial,1
Manhattan Supply Co.co Tango,Commercial,1
The Boston Consulting Group Service GmbH,Commercial,1
Orange Business Services Japan Companylimited,Commercial,1
CDW Technologies LLC,Commercial,1
Clarke Technology,Commercial,1
Srednja medijska in graficna sola Ljubljana,Commercial,1
ESKER c/o Synaaps,Commercial,1
Soho House and Co,Commercial,1
Orange Maha Wind Energy Pvt Ltd,Commercial,1
Kauai Marriott Resort & Beach Club,Commercial,1
FR Ass Section Americaine,Commercial,1
Black Currant Consultant CC,Commercial,1
Neton SA,Commercial,1
Champions Retreat Golf Club,Commercial,1
MDI Regent Madison Hotel LLC,Commercial,1
Municipio de Macae,Government,1
Miyazaki Ken,Commercial,1
International Materials I,Commercial,1
Partech Innovation SASU,Commercial,1
Regus Management Group LLC Regus Center 4592 C/O Calero Software,Commercial,1
Hytron Network Services Limited,Commercial,1
"Xi'an Yang Chao Pneg Netbar",Commercial,1
The Juilliard School,Education,1
University of Waikato,Education,1
Mahidol Wittayanusorn School,Education,1
Stadt Sankt Augustin,Commercial,1
Nomos Baden Baden Net,Commercial,1
Novia East Africa Ltd,Commercial,1
PT Madia Asriprima,Commercial,1
Momento Medico,Commercial,1
Alpha FX Limited,Commercial,1
elevait GmbH + Co. KG,Commercial,1
Perfecta Dyeing Printing & Weaving Work Ltd,Commercial,1
JiuLongPo Node Access User Network,Commercial,1
Galerie Eva Presenhuber,Commercial,1
Netcom Internet Centre- Penampang,Commercial,1
Texas State University,Education,1
ARA,Commercial,1
Sopra Steria Group S.p.A.,Commercial,1
Projevia,Commercial,1
University of Maryland Baltimore,Education,1
Proline Services,Commercial,1
CompileMe,Commercial,1
Christo Cunsulting LLC,Commercial,1
Macau University of Science and Technology,Education,1
Dick Norris Buick GMC Clearwater,Commercial,1
PT Menara Digital Salama,Commercial,1
Cordova Copa Edson Moises,Commercial,1
University of Lynchburg,Education,1
Department of Home Affairs,Government,1
Hewlett - Packard Limited,Commercial,1